timestamp_sec,latitude,longitude
0.0,35.022492,138.86368766666666
0.5982792377471924,35.02249166666667,138.8636875
1.2002604007720947,35.0224915,138.86368733333333
1.7992537021636963,35.02249116666667,138.86368716666667
2.4011356830596924,35.022491333333335,138.86368683333333
2.9994168281555176,35.022491,138.8636865
3.6001925468444824,35.02249066666667,138.86368633333333
4.20148491859436,35.022490166666664,138.86368616666667
4.8007941246032715,35.02249,138.863686
5.402786731719971,35.02248983333333,138.86368583333334
6.000883340835571,35.0224895,138.86368566666667
6.603705406188965,35.022489,138.8636855
7.202916860580444,35.022488833333334,138.86368516666667
7.803479194641113,35.02248866666667,138.86368516666667
8.403542041778564,35.022488333333335,138.863685
9.00326132774353,35.022488,138.86368483333334
9.604224443435669,35.02248783333334,138.86368466666667
10.204595565795898,35.02248766666666,138.86368466666667
10.806477069854736,35.0224875,138.86368466666667
11.405128002166748,35.02248733333333,138.8636845
12.00527811050415,35.022487,138.8636845
12.605992078781128,35.02248683333333,138.86368433333334
13.20912790298462,35.02248633333333,138.86368433333334
13.823302030563354,35.02248516666667,138.86368433333334
14.41766905784607,35.022483666666666,138.86368433333334
15.01194143295288,35.022481166666665,138.8636845
15.612148523330688,35.022478666666665,138.8636845
16.212413549423218,35.022474833333334,138.86368466666667
16.813605308532715,35.0224725,138.86368466666667
17.415629863739014,35.02247066666666,138.86368483333334
18.014981269836426,35.022466,138.863685
18.613049507141113,35.022466,138.86368483333334
19.21286177635193,35.022466,138.86368433333334
19.81249237060547,35.022465833333335,138.86368416666667
20.560576915740967,35.022465333333336,138.86368316666668
21.013214826583862,35.02246433333333,138.86368233333334
21.614350080490112,35.02246133333333,138.86368216666668
22.214781522750854,35.022460333333335,138.86368283333334
22.814733743667603,35.022457333333335,138.86368366666667
23.414727210998535,35.02245516666667,138.86368433333334
24.01509165763855,35.022454333333336,138.86368433333334
24.615907430648804,35.0224535,138.86368366666667
25.216168642044067,35.02245333333333,138.8636835
25.817857265472412,35.022453166666665,138.8636835
26.42109775543213,35.022452333333334,138.86368366666667
27.020322561264038,35.02245216666667,138.86368366666667
27.629420280456543,35.02245116666667,138.86368433333334
28.21995234489441,35.022451,138.8636845
28.82062029838562,35.0224505,138.863684
29.420770168304443,35.0224505,138.86368366666667
30.02060341835022,35.0224505,138.86368366666667
30.620412826538086,35.02245,138.86368366666667
31.223942041397095,35.02245333333333,138.863683
31.89957857131958,35.022452333333334,138.863683
32.42495822906494,35.022451333333336,138.86368316666668
33.02476906776428,35.02245166666667,138.86368316666668
33.626763582229614,35.022452333333334,138.86368316666668
34.2282235622406,35.022454333333336,138.86368316666668
34.829684019088745,35.022455,138.86368316666668
35.42683386802673,35.02245516666667,138.86368333333334
36.03623414039612,35.02245466666667,138.86368366666667
36.63002014160156,35.022454833333335,138.86368383333334
37.230600357055664,35.022454833333335,138.863684
37.83193397521973,35.022454833333335,138.86368416666667
38.433332204818726,35.0224545,138.86368433333334
39.03230428695679,35.0224545,138.8636845
39.63279390335083,35.022454333333336,138.86368466666667
40.23153328895569,35.02245416666667,138.86368483333334
40.8333683013916,35.022454,138.86368483333334
41.4363157749176,35.0224545,138.86368483333334
42.03893995285034,35.022454,138.863685
42.637059450149536,35.022453,138.86368516666667
43.239073753356934,35.02245166666667,138.86368533333334
43.85012340545654,35.022452333333334,138.86368533333334
44.44089984893799,35.02245216666667,138.8636855
45.04362916946411,35.022451333333336,138.86368566666667
45.64221668243408,35.02245116666667,138.86368566666667
46.24498987197876,35.022450166666665,138.863686
46.84388875961304,35.02245033333333,138.863686
47.44423818588257,35.02245033333333,138.86368583333334
48.04702305793762,35.0224505,138.86368583333334
48.64724850654602,35.022451833333335,138.86368583333334
49.24803853034973,35.02244816666666,138.86368633333333
49.84498381614685,35.022448,138.86368633333333
50.44490194320679,35.02244816666666,138.86368633333333
51.04692530632019,35.02244833333334,138.8636865
51.65009140968323,35.0224485,138.86368666666667
52.24663019180298,35.02244833333334,138.86368666666667
52.847172260284424,35.02244833333334,138.86368683333333
53.44707655906677,35.0224485,138.86368666666667
54.04758548736572,35.0224485,138.86368666666667
54.64809489250183,35.0224485,138.86368683333333
55.24855589866638,35.0224485,138.86368683333333
55.84745931625366,35.0224485,138.86368683333333
56.45472502708435,35.022446333333335,138.863687
57.05298399925232,35.0224465,138.86368716666667
57.653013944625854,35.022446333333335,138.86368716666667
58.25283193588257,35.022446,138.86368716666667
58.853139877319336,35.022445833333336,138.86368716666667
59.45437741279602,35.02244566666667,138.86368716666667
60.05387783050537,35.022446,138.86368716666667
60.65443229675293,35.022446333333335,138.863687
61.25454545021057,35.0224465,138.863687
61.85420227050781,35.0224465,138.863687
62.45686936378479,35.022446333333335,138.86368716666667
63.081777572631836,35.02244533333333,138.86368716666667
63.65678787231445,35.022445166666664,138.86368733333333
64.25712704658508,35.022445,138.8636875
64.85885882377625,35.02244483333333,138.86368766666666
75.67032361030579,35.02244266666667,138.86369033333332
76.26903104782104,35.022442833333336,138.8636905
76.86826419830322,35.022443,138.86369066666666
77.47032499313354,35.022443333333335,138.86369066666666
78.0685384273529,35.022443333333335,138.86369083333332
78.66863989830017,35.022443333333335,138.86369116666665
79.26867175102234,35.022444,138.86369116666665
79.86995387077332,35.0224445,138.863691
80.46935653686523,35.02244483333333,138.86369116666665
81.0697820186615,35.02244533333333,138.86369133333332
81.67194199562073,35.02244566666667,138.86369116666665
82.27216672897339,35.022445833333336,138.86369133333332
82.8731050491333,35.02244566666667,138.86369166666665
83.47338533401489,35.022445,138.863692
84.07794141769409,35.022445833333336,138.863692
84.67401957511902,35.022445833333336,138.86369233333335
85.27460956573486,35.022445166666664,138.86369366666668
85.87264895439148,35.02244483333333,138.8636945
86.47677302360535,35.022444,138.863695
87.07314229011536,35.022444,138.863695
87.67242050170898,35.02244366666667,138.86369483333334
88.27372312545776,35.022444,138.86369533333334
88.8744866847992,35.02244366666667,138.86369533333334
89.47885727882385,35.022443833333334,138.8636955
90.0746328830719,35.02244316666667,138.8636955
90.6756660938263,35.022442,138.86369533333334
91.27956366539001,35.022442166666664,138.86369583333334
91.87680721282959,35.02244266666667,138.86369566666667
92.47887635231018,35.022443333333335,138.86369566666667
93.07838296890259,35.0224435,138.86369533333334
93.67831540107727,35.0224435,138.86369533333334
94.27785134315491,35.0224435,138.86369583333334
94.87785482406616,35.022443833333334,138.86369566666667
95.4782919883728,35.022443833333334,138.86369566666667
96.08596730232239,35.022444166666666,138.86369566666667
96.67946362495422,35.0224445,138.8636955
97.32632160186768,35.022444166666666,138.863695
97.96005439758301,35.0224445,138.86369516666667
98.48229265213013,35.022445,138.863695
99.08511710166931,35.022445166666664,138.86369466666667
99.68302845954895,35.022445166666664,138.8636945
100.28489995002747,35.02244483333333,138.86369433333334
100.88594460487366,35.02244483333333,138.8636945
101.48993873596191,35.022445166666664,138.86369433333334
102.08474588394165,35.02244616666667,138.8636935
102.68720936775208,35.02244666666667,138.86369316666668
103.28707027435303,35.022446,138.8636935
103.88707280158997,35.02244566666667,138.863694
104.48805212974548,35.022445,138.86369416666668
105.09226155281067,35.0224415,138.8636955
105.68837118148804,35.02244116666667,138.863696
106.28815531730652,35.0224405,138.8636965
106.88818526268005,35.02244016666667,138.86369716666667
107.49076509475708,35.02244,138.86369766666667
108.08864259719849,35.0224395,138.86369816666667
108.68953561782837,35.022439166666665,138.863699
109.30349445343018,35.022439,138.86369966666666
109.89072823524475,35.02243883333333,138.86370033333333
110.4909143447876,35.0224385,138.863701
111.09027075767517,35.02243816666667,138.86370166666666
111.69153070449829,35.02243816666667,138.8637025
112.29157519340515,35.02243766666667,138.86370333333332
112.89254522323608,35.02243716666667,138.863704
113.49222683906555,35.0224365,138.86370483333334
114.09244298934937,35.02243583333333,138.86370566666668
114.69277811050415,35.02243516666667,138.86370633333334
115.29275059700012,35.022434833333335,138.86370716666667
115.89613556861877,35.02243416666666,138.86370833333334
116.49462294578552,35.0224335,138.863709
117.09408736228943,35.022433,138.86370966666667
117.69537258148193,35.0224325,138.86371066666666
118.29564309120178,35.02243166666667,138.86371133333333
118.8984444141388,35.022430666666665,138.86371216666666
119.49571800231934,35.02243,138.86371316666666
120.09644675254822,35.02242966666667,138.86371383333332
120.69786238670349,35.02242916666667,138.86371466666668
121.29720449447632,35.022428833333336,138.86371533333335
121.89776229858398,35.02242866666667,138.863716
122.49706292152405,35.0224285,138.863717
123.09786629676819,35.02242833333333,138.8637175
123.69746208190918,35.02242783333333,138.86371816666667
124.29847145080566,35.02242733333333,138.863719
124.89974093437195,35.022426333333335,138.86371983333333
125.4990382194519,35.02242583333334,138.86372083333333
126.09958410263062,35.022426,138.8637215
126.69927096366882,35.02242566666666,138.86372183333333
127.29960036277771,35.0224255,138.86372266666666
127.90073871612549,35.022425166666665,138.8637235
128.50111389160156,35.0224245,138.86372416666666
129.10403180122375,35.02242316666667,138.863725
129.7013430595398,35.02242283333333,138.86372583333332
130.3013198375702,35.022422166666665,138.8637265
130.909099817276,35.02242116666667,138.86372733333334
131.50325894355774,35.0224205,138.863728
132.10393595695496,35.02242,138.8637285
132.70703411102295,35.022419,138.86372916666667
133.30370903015137,35.02241866666667,138.86372983333334
133.90801358222961,35.02241766666667,138.8637305
134.50462341308594,35.02241716666666,138.863731
135.10806393623352,35.02241633333333,138.86373183333333
135.70483446121216,35.022416,138.86373233333333
136.30659937858582,35.0224155,138.863733
136.90579628944397,35.022415,138.86373383333333
137.50808954238892,35.022414,138.86373433333333
138.10922527313232,35.02241316666667,138.86373516666666
138.70910811424255,35.02241216666667,138.863736
139.3096468448639,35.022411166666664,138.8637365
139.9080684185028,35.022411,138.863737
140.50768494606018,35.02241083333333,138.86373766666668
141.11527633666992,35.02241033333333,138.8637385
141.70895147323608,35.02241,138.863739
142.3117425441742,35.022408666666664,138.86373966666667
142.91140842437744,35.02240783333333,138.86374016666667
143.51016807556152,35.022407666666666,138.863741
144.11305594444275,35.02240616666667,138.8637415
144.71033000946045,35.02240583333333,138.86374216666667
145.31214237213135,35.022405166666665,138.863743
145.9140887260437,35.02240316666666,138.86374366666666
146.5116937160492,35.022402666666665,138.8637445
147.11303186416626,35.022402,138.86374516666666
147.71197652816772,35.02240166666667,138.86374533333333
148.31619906425476,35.02240066666667,138.86374633333332
148.91993069648743,35.02239933333333,138.86374683333332
149.51459002494812,35.022399166666666,138.8637475
150.1170585155487,35.022397833333336,138.86374816666665
150.71650457382202,35.02239766666667,138.8637485
151.34039068222046,35.022395833333334,138.86374933333335
151.92497658729553,35.0223925,138.8637505
152.52595829963684,35.0223885,138.86375116666667
153.122731924057,35.02238833333333,138.86375166666667
153.72658681869507,35.0223885,138.863752
154.32689142227173,35.02238933333334,138.8637525
154.9253830909729,35.0223885,138.86375333333334
155.5356481075287,35.02238466666667,138.863754
156.1242835521698,35.0223845,138.8637545
156.7248637676239,35.02238416666667,138.863755
157.3249089717865,35.022384,138.86375533333333
157.92587447166443,35.02238366666667,138.86375583333333
158.52903771400452,35.02238233333333,138.86375633333333
159.12663006782532,35.02238216666667,138.86375666666666
159.72996544837952,35.0223825,138.86375716666666
160.32729578018188,35.02238216666667,138.86375766666666
160.9267840385437,35.022382,138.86375833333332
161.5332977771759,35.02238083333334,138.86375883333332
162.12907934188843,35.0223805,138.86375933333332
163.0646891593933,35.02237933333333,138.86376
163.32978653907776,35.02237933333333,138.8637605
163.92964243888855,35.02237916666667,138.863761
164.52961015701294,35.022379,138.86376183333334
165.15512490272522,35.0223765,138.8637625
165.73367595672607,35.0223765,138.863763
166.33378052711487,35.0223765,138.8637635
166.93423867225647,35.022376333333334,138.86376416666667
167.5351915359497,35.022376,138.86376466666667
168.14528584480286,35.0223775,138.863765
168.74019193649292,35.022376333333334,138.8637655
169.3386869430542,35.0223765,138.86376633333333
169.93784499168396,35.022376333333334,138.86376666666666
170.5382685661316,35.02237616666667,138.86376716666666
171.1596221923828,35.0223745,138.86376783333333
171.74037051200867,35.02237433333333,138.86376833333333
172.33967971801758,35.02237433333333,138.86376866666666
172.93950986862183,35.022374166666665,138.863769
173.53956723213196,35.022374,138.86376966666666
174.1552233695984,35.022371666666665,138.86377016666665
174.74175477027893,35.022371666666665,138.86377066666665
175.34254360198975,35.0223715,138.86377116666668
175.9431233406067,35.022371666666665,138.86377166666668
176.55920815467834,35.02237016666667,138.86377216666668
177.14326882362366,35.02237016666667,138.8637725
177.74371147155762,35.02237016666667,138.86377283333334
178.34333872795105,35.022370333333335,138.86377333333334
178.94929575920105,35.022370333333335,138.86377366666667
179.5469000339508,35.0223705,138.863774
180.14627361297607,35.02237066666667,138.86377433333334
180.74600291252136,35.02237066666667,138.86377466666667
181.34621667861938,35.02237066666667,138.863775
181.94655108451843,35.02237066666667,138.86377516666667
182.54689741134644,35.02237083333333,138.8637755
183.1474325656891,35.02237083333333,138.86377583333334
183.7474389076233,35.02237066666667,138.86377616666667
184.34751224517822,35.02237083333333,138.86377633333333
184.94771075248718,35.02237083333333,138.86377683333333
185.5487720966339,35.02237083333333,138.86377716666667
186.14911460876465,35.022371,138.8637775
186.74882912635803,35.022371,138.86377783333333
187.34922051429749,35.022371166666666,138.86377816666666
187.94882678985596,35.022371166666666,138.8637785
188.55046343803406,35.02237133333333,138.86377883333333
189.149884223938,35.02237133333333,138.86377916666666
189.74957990646362,35.0223715,138.8637795
190.35035109519958,35.022371666666665,138.86377983333333
190.9507715702057,35.02237183333333,138.86378033333332
191.55305695533752,35.02237183333333,138.86378083333332
192.15140342712402,35.022372,138.86378116666666
192.75191712379456,35.022372,138.86378166666665
193.35180163383484,35.02237216666666,138.863782
193.95253801345825,35.02237216666666,138.86378216666665
194.55257868766785,35.02237233333334,138.8637825
195.15343737602234,35.0223725,138.86378283333335
195.7538719177246,35.0223725,138.86378316666668
196.35327053070068,35.02237266666667,138.86378333333334
196.95375204086304,35.02237266666667,138.86378383333334
197.5538411140442,35.022372833333336,138.86378416666668
198.15696215629578,35.022371666666665,138.8637845
198.75539636611938,35.022372,138.86378516666667
199.3559913635254,35.022372,138.86378533333334
199.95605945587158,35.02237216666666,138.86378566666667
200.55710577964783,35.02237233333334,138.863786
201.1591534614563,35.02237233333334,138.86378633333334
201.75736451148987,35.0223725,138.86378683333334
202.357971906662,35.02237266666667,138.863787
202.95782470703125,35.022372833333336,138.86378733333333
203.55881118774414,35.022373,138.86378766666667
204.15866613388062,35.022373333333334,138.86378783333333
205.06372475624084,35.0223735,138.863788
205.36435461044312,35.02237266666667,138.86378833333333
205.96737146377563,35.022373,138.8637885
206.56054759025574,35.02237316666667,138.86378883333333
207.1618070602417,35.022373333333334,138.863789
207.76170420646667,35.0223735,138.86378933333333
208.3618757724762,35.02237383333333,138.86378966666666
208.96205282211304,35.022374,138.86378983333333
209.56520462036133,35.022373333333334,138.86379
210.16381406784058,35.0223735,138.86379016666666
210.7638602256775,35.02237366666667,138.8637905
211.36541104316711,35.02237383333333,138.86379066666666
211.9648163318634,35.022374,138.86379083333333
212.56538033485413,35.022374,138.86379083333333
213.16921281814575,35.022374166666665,138.863791
213.77033185958862,35.02237233333334,138.86379133333332
214.36642789840698,35.0223725,138.86379133333332
214.96741676330566,35.0223725,138.8637915
215.574303150177,35.02237216666666,138.86379166666666
216.16901779174805,35.02237216666666,138.86379166666666
216.77032041549683,35.02237216666666,138.86379183333332
217.3684754371643,35.02237216666666,138.86379166666666
217.96964526176453,35.02237216666666,138.86379183333332
218.57305812835693,35.02237216666666,138.86379183333332
219.17107224464417,35.02237216666666,138.86379183333332
219.7712049484253,35.02237233333334,138.86379216666666
220.37202334403992,35.02237216666666,138.863792
220.9712188243866,35.02237216666666,138.86379216666666
221.57167887687683,35.02237233333334,138.8637925
222.17203450202942,35.0223725,138.8637925
222.77209973335266,35.0223725,138.86379266666665
223.373548746109,35.02237266666667,138.86379283333332
223.97384333610535,35.022372833333336,138.86379283333332
224.57358956336975,35.022373,138.86379316666665
225.17352151870728,35.022373,138.86379316666665
225.77375721931458,35.022373,138.86379333333332
226.37451434135437,35.022373,138.8637935
226.9744906425476,35.02237316666667,138.86379366666668
227.57514643669128,35.02237316666667,138.86379383333335
228.17608857154846,35.0223735,138.86379383333335
229.06503438949585,35.02237366666667,138.863794
229.37492680549622,35.02237366666667,138.86379416666668
229.9788897037506,35.02237383333333,138.86379433333335
230.57671856880188,35.022374,138.86379483333334
231.17667031288147,35.02237383333333,138.86379483333334
231.80349969863892,35.02237816666667,138.863795
232.38328051567078,35.02237916666667,138.86379533333334
232.98259043693542,35.022378833333335,138.86379566666668
233.5822594165802,35.02237916666667,138.863796
234.18339705467224,35.02237933333333,138.86379616666667
234.7840404510498,35.02237933333333,138.8637965
235.38451981544495,35.0223795,138.86379683333334
235.98446679115295,35.0223795,138.863797
236.5859830379486,35.022380166666665,138.8637975
237.1879813671112,35.02238116666667,138.86379816666667
237.78781962394714,35.02238166666667,138.8637985
238.38632726669312,35.022381333333335,138.86379866666667
238.98588705062866,35.02238166666667,138.86379916666667
239.58876085281372,35.0223825,138.86379983333333
240.18799304962158,35.022383166666664,138.86380033333333
240.7897539138794,35.0223835,138.86380083333333
241.38669395446777,35.02238366666667,138.86380133333333
241.99073481559753,35.0223835,138.86380166666666
242.58927035331726,35.02238366666667,138.86380216666666
243.19306182861328,35.022384,138.86380266666666
243.78999376296997,35.022383833333336,138.863803
244.39021635055542,35.022384,138.8638035
244.9899218082428,35.022384,138.86380383333332
245.80326581001282,35.022384,138.86380433333332
246.19226217269897,35.02238366666667,138.86380466666665
246.7917935848236,35.0223835,138.8638045
247.392347574234,35.022383166666664,138.8638045
247.9924192428589,35.022383166666664,138.863805
248.60276699066162,35.022383166666664,138.86380516666668
249.1936535835266,35.02238283333333,138.86380533333335
249.79785561561584,35.0223825,138.86380516666668
250.39460015296936,35.022381833333334,138.86380483333335
250.99551558494568,35.02238116666667,138.86380433333332
251.5983362197876,35.022378833333335,138.8638025
252.19731903076172,35.022378833333335,138.86380266666666
252.79782009124756,35.02237933333333,138.86380266666666
253.4008069038391,35.022378333333336,138.86380333333332
254.0024995803833,35.02237683333333,138.86380366666666
254.5977976322174,35.02237683333333,138.86380383333332
255.19734454154968,35.02237683333333,138.863804
255.79921770095825,35.022376666666666,138.86380416666665
256.39793491363525,35.0223765,138.86380433333332
256.99882459640503,35.0223765,138.8638045
257.8037459850311,35.02237816666667,138.86380433333332
258.223593711853,35.022377666666664,138.8638045
258.8007228374481,35.0223775,138.86380466666665
259.40187644958496,35.02237733333333,138.86380466666665
260.00095200538635,35.02237733333333,138.86380483333335
260.6015396118164,35.022377166666665,138.86380483333335
261.2016839981079,35.022377166666665,138.86380516666668
261.8032555580139,35.022377,138.86380516666668
262.40176701545715,35.022377,138.86380516666668
263.0041649341583,35.022377,138.8638055
263.60282158851624,35.022377,138.86380533333335
264.2049641609192,35.02237683333333,138.8638055
264.8044288158417,35.02237683333333,138.86380566666668
265.40662693977356,35.02237683333333,138.8638055
266.0056653022766,35.022376666666666,138.86380583333334
266.60594487190247,35.022376666666666,138.86380566666668
267.20854783058167,35.022376666666666,138.86380566666668
267.807288646698,35.0223765,138.863806
268.40866780281067,35.022376333333334,138.863806
269.00894021987915,35.022376333333334,138.863806
269.60611605644226,35.022376333333334,138.863806
270.2097678184509,35.0223765,138.86380633333334
270.8084969520569,35.0223765,138.86380633333334
271.4072256088257,35.0223765,138.8638065
272.0086500644684,35.022376666666666,138.86380666666668
272.60879826545715,35.022376666666666,138.86380666666668
273.2085213661194,35.0223765,138.86380683333334
273.81566548347473,35.022376,138.86380716666667
274.41094064712524,35.022375833333335,138.86380733333334
275.011953830719,35.022375833333335,138.8638075
275.6140422821045,35.02237566666667,138.8638075
276.2142195701599,35.02237566666667,138.86380766666667
276.8115472793579,35.0223755,138.86380783333334
277.41172552108765,35.02237566666667,138.863808
278.012895822525,35.02237566666667,138.86380816666667
278.61275720596313,35.02237566666667,138.86380816666667
279.21256136894226,35.02237566666667,138.8638085
279.813677072525,35.02237566666667,138.86380866666667
280.41306614875793,35.022375833333335,138.86380883333334
281.01401591300964,35.022375833333335,138.86380916666667
281.61447954177856,35.022376,138.86380933333334
282.21492981910706,35.022376,138.86380933333334
282.8169069290161,35.022376,138.8638095
283.4150731563568,35.022375833333335,138.86380983333333
284.01745772361755,35.022375833333335,138.86380983333333
284.61540246009827,35.02237566666667,138.86381016666667
285.21702313423157,35.0223755,138.86381
286.06548380851746,35.02237566666667,138.86381016666667
286.4186644554138,35.02237566666667,138.8638105
287.0160086154938,35.022375833333335,138.8638105
287.6210865974426,35.022376,138.86381083333333
288.21825408935547,35.022376,138.863811
288.8180251121521,35.022376,138.86381116666666
289.4181399345398,35.022376,138.86381133333333
290.0190532207489,35.022376,138.8638115
290.6202480792999,35.022376,138.86381166666666
291.2195506095886,35.022376,138.86381183333333
291.8249773979187,35.02237316666667,138.86381116666666
292.42131066322327,35.0223725,138.863811
293.02084732055664,35.02237233333334,138.86381116666666
293.62264752388,35.02237266666667,138.86381166666666
294.22190117836,35.0223725,138.86381183333333
294.82205033302307,35.0223715,138.86381166666666
295.4229757785797,35.02237083333333,138.86381166666666
296.02303862571716,35.0223705,138.86381166666666
296.62320375442505,35.022370333333335,138.86381183333333
297.22309470176697,35.0223695,138.86381183333333
297.8249022960663,35.02236883333333,138.86381183333333
298.42388224601746,35.022369166666664,138.86381216666666
299.0236449241638,35.022369166666664,138.86381266666666
299.627069234848,35.02236966666667,138.86381283333333
300.225679397583,35.02236966666667,138.863813
300.8259778022766,35.022368666666665,138.86381316666666
301.4264576435089,35.02236833333333,138.86381333333333
302.02854657173157,35.0223675,138.8638135
302.6281318664551,35.02236633333333,138.8638135
303.22699332237244,35.022366833333336,138.86381383333332
303.82718205451965,35.02236633333333,138.863814
304.4274661540985,35.02236533333333,138.86381416666666
305.02831196784973,35.02236466666667,138.86381416666666
305.6297254562378,35.022364,138.86381416666666
306.22908091545105,35.02236383333333,138.86381466666666
306.82903575897217,35.02236416666667,138.86381483333332
307.4293735027313,35.022364,138.86381516666665
308.0297586917877,35.02236283333333,138.86381516666665
308.6312885284424,35.022362333333334,138.86381516666665
309.2303001880646,35.022361833333335,138.8638155
309.83165979385376,35.02236083333333,138.86381566666665
310.43118476867676,35.022360166666665,138.86381566666665
311.0313255786896,35.0223605,138.86381616666668
311.63259863853455,35.02235983333333,138.86381666666668
312.232225894928,35.02235866666667,138.8638165
312.8322401046753,35.02235816666666,138.86381666666668
313.43292689323425,35.02235816666666,138.863817
314.0326747894287,35.02235783333333,138.86381733333334
314.63423228263855,35.02235683333333,138.8638175
315.2342164516449,35.022356,138.86381766666668
315.833726644516,35.022356,138.863818
316.43425369262695,35.022355,138.863818
317.03460121154785,35.02235433333333,138.86381816666668
317.635036945343,35.022353833333334,138.86381833333334
318.2352044582367,35.02235366666667,138.86381866666667
318.8351049423218,35.02235316666667,138.86381883333334
319.43548130989075,35.022352166666664,138.863819
320.0362637042999,35.02235133333333,138.863819
320.6378242969513,35.02235133333333,138.86381933333334
321.23653745651245,35.02235116666667,138.8638195
321.8378441333771,35.02235016666667,138.86381966666667
322.4371123313904,35.022349,138.86381983333334
323.03777408599854,35.0223485,138.86382016666667
323.63845133781433,35.022348666666666,138.8638205
324.23785042762756,35.02234816666667,138.86382066666667
324.8384487628937,35.022347333333336,138.863821
325.43821120262146,35.0223465,138.863821
326.0387108325958,35.02234583333333,138.8638215
326.63943314552307,35.02234516666667,138.86382166666667
327.23916363716125,35.022344833333335,138.863822
327.8398039340973,35.022344333333336,138.86382233333333
328.43994331359863,35.022344333333336,138.86382283333333
329.0398886203766,35.02234383333333,138.86382316666666
329.6414542198181,35.02234333333333,138.8638235
330.240581035614,35.02234333333333,138.86382383333333
330.8411169052124,35.022343,138.863824
331.44151544570923,35.02234283333333,138.8638245
332.0415244102478,35.022342333333334,138.86382466666666
332.6423680782318,35.022341833333336,138.863825
333.24228382110596,35.0223415,138.86382533333332
333.8528642654419,35.022341,138.86382566666666
334.44228291511536,35.02234083333333,138.863826
335.0428113937378,35.02234033333333,138.86382616666666
335.6434836387634,35.02234,138.8638265
336.24355125427246,35.02234,138.863827
336.84470319747925,35.022340166666666,138.8638275
337.4442136287689,35.02234,138.86382766666668
338.0444486141205,35.02233916666667,138.86382766666668
338.64505982398987,35.0223385,138.863828
339.24573969841003,35.0223385,138.86382833333334
339.8458616733551,35.022338833333336,138.86382866666668
340.4458246231079,35.02233866666667,138.863829
341.0472230911255,35.02233783333333,138.86382916666668
341.6461319923401,35.02233733333333,138.86382933333334
342.2467215061188,35.02233733333333,138.86382966666667
342.8479747772217,35.022337,138.86383
343.44876503944397,35.022336,138.86383
344.04732036590576,35.0223355,138.86383033333334
344.6491708755493,35.02233483333333,138.86383033333334
345.24838852882385,35.022333833333334,138.86383016666667
345.8489999771118,35.022333333333336,138.8638305
346.44860005378723,35.02233316666667,138.86383066666667
347.04927110671997,35.022332,138.8638305
347.6494770050049,35.022331,138.86383066666667
348.24930334091187,35.022331,138.863831
348.8500099182129,35.022331,138.86383133333334
349.4498748779297,35.02233066666667,138.86383133333334
350.0499687194824,35.02233,138.86383133333334
350.6508505344391,35.022329166666665,138.8638315
351.25108218193054,35.02232883333333,138.86383166666667
351.85203075408936,35.0223285,138.86383166666667
352.45151114463806,35.022327833333335,138.86383166666667
353.05209708213806,35.02232683333333,138.86383166666667
353.65224719047546,35.022326666666665,138.86383183333334
354.252320766449,35.022326666666665,138.86383183333334
354.8530547618866,35.02232583333333,138.86383166666667
355.4528799057007,35.02232516666667,138.86383183333334
356.05306673049927,35.0223245,138.86383183333334
356.6540861129761,35.0223235,138.8638315
357.2541365623474,35.022322833333334,138.86383133333334
357.8549065589905,35.022322,138.86383133333334
358.45454454421997,35.022321166666664,138.86383133333334
359.05478382110596,35.0223205,138.86383133333334
359.6552677154541,35.0223195,138.86383116666667
360.257586479187,35.022319,138.86383133333334
360.8572647571564,35.0223185,138.86383133333334
361.4566402435303,35.022318,138.86383116666667
362.0579581260681,35.02231783333333,138.86383133333334
362.656964302063,35.0223175,138.86383133333334
363.25705432891846,35.02231716666667,138.86383133333334
363.863566160202,35.02231666666667,138.8638315
364.45769357681274,35.022316333333336,138.86383133333334
365.05816888809204,35.022316,138.86383133333334
365.6585295200348,35.022315666666664,138.86383133333334
366.2588791847229,35.02231533333333,138.86383116666667
366.85900497436523,35.022315166666665,138.863831
367.4593439102173,35.02231533333333,138.86383083333334
368.0595700740814,35.022315,138.86383083333334
368.66021370887756,35.02231466666667,138.8638305
369.2604079246521,35.02231483333333,138.86383033333334
369.8609013557434,35.0223145,138.86383016666667
370.46069049835205,35.02231416666667,138.86383
371.060640335083,35.022314,138.86383
371.6616826057434,35.022314333333334,138.86382983333334
372.26158118247986,35.02231366666667,138.86382983333334
372.86212515830994,35.0223135,138.86383
373.46243929862976,35.0223135,138.86382983333334
374.06379675865173,35.02231333333334,138.86382983333334
374.6625666618347,35.022313,138.8638295
375.26272106170654,35.0223125,138.8638295
375.8641288280487,35.022312666666664,138.8638295
376.46398758888245,35.022312666666664,138.86382916666668
377.06435084342957,35.0223125,138.86382933333334
377.6807870864868,35.022312166666666,138.86382916666668
378.2644453048706,35.022312,138.863829
378.86684942245483,35.02231183333333,138.86382866666668
379.46561765670776,35.0223115,138.86382866666668
380.066458940506,35.0223115,138.8638285
380.6660099029541,35.022312166666666,138.86382833333334
381.26818227767944,35.022312166666666,138.86382816666668
381.86754417419434,35.022311333333334,138.86382833333334
382.4699342250824,35.02231166666667,138.86382833333334
383.06930470466614,35.022312,138.863828
383.6710467338562,35.022312,138.863828
384.27041029930115,35.0223125,138.86382833333334
384.87258529663086,35.02231366666667,138.8638285
385.470529794693,35.022313833333335,138.86382833333334
386.0729308128357,35.02231333333334,138.86382816666668
386.67370772361755,35.02231283333333,138.86382816666668
387.2718245983124,35.02231283333333,138.863828
387.87494468688965,35.022312666666664,138.863828
388.4726359844208,35.02231233333333,138.86382766666668
389.0749583244324,35.022312166666666,138.8638275
389.67487144470215,35.022312166666666,138.86382733333335
390.27596640586853,35.022312,138.86382733333335
390.87430214881897,35.022312,138.86382716666665
391.47604751586914,35.022312,138.86382716666665
392.07712292671204,35.02231183333333,138.86382716666665
392.6770029067993,35.02231166666667,138.863827
393.2755181789398,35.02231183333333,138.863827
393.881947517395,35.0223095,138.863827
394.4771318435669,35.02230933333333,138.86382733333335
395.0764682292938,35.02230933333333,138.863827
395.6782875061035,35.0223095,138.86382683333332
396.2789525985718,35.022309,138.86382716666665
396.8827142715454,35.02230866666667,138.86382733333335
397.47843742370605,35.022309,138.86382733333335
398.0790719985962,35.02230866666667,138.863827
398.6802113056183,35.022308333333335,138.863827
399.278742313385,35.022308333333335,138.86382716666665
399.88188433647156,35.022308333333335,138.86382683333332
400.4834816455841,35.02230633333333,138.863827
401.08143067359924,35.0223065,138.86382683333332
401.6809220314026,35.022306666666665,138.86382666666665
402.28199338912964,35.02230633333333,138.86382683333332
402.88151264190674,35.02230633333333,138.86382666666665
403.48176622390747,35.022306,138.8638265
404.081964969635,35.022306,138.86382633333332
404.68507981300354,35.02230483333334,138.86382633333332
405.28194975852966,35.022305,138.86382616666666
405.88622522354126,35.02230216666667,138.86382566666666
406.4833548069,35.02230183333333,138.86382566666666
407.088178396225,35.022303666666666,138.86382583333332
407.73141264915466,35.0223,138.86382533333332
408.28651690483093,35.0223,138.86382516666666
408.88640093803406,35.0223,138.863825
409.48732590675354,35.0223,138.863825
410.08685874938965,35.0223,138.86382483333333
410.6875464916229,35.0223,138.86382483333333
411.2889323234558,35.02230016666667,138.8638245
411.8879177570343,35.02230016666667,138.86382433333333
412.4883279800415,35.02230016666667,138.86382416666666
413.088205575943,35.022300333333334,138.863824
413.69241285324097,35.022300333333334,138.86382366666666
414.3038830757141,35.022300333333334,138.8638235
414.8896942138672,35.02230016666667,138.8638235
415.4898624420166,35.022300333333334,138.86382333333333
416.09125685691833,35.022300333333334,138.863823
416.8429901599884,35.0223005,138.86382316666666
417.2911288738251,35.0223005,138.8638225
417.89108538627625,35.022300666666666,138.8638225
418.492609500885,35.022300666666666,138.86382216666667
419.09172010421753,35.022300666666666,138.863822
419.69196796417236,35.022301166666665,138.86382183333333
420.29246187210083,35.022301166666665,138.86382166666667
420.89265060424805,35.02230133333333,138.86382133333333
421.4933087825775,35.022301666666664,138.86382116666667
422.10068106651306,35.02230183333333,138.86382116666667
422.6932284832001,35.02230183333333,138.86382116666667
423.29356575012207,35.02230216666667,138.863821
423.89360308647156,35.022302333333336,138.863821
424.4942138195038,35.022302333333336,138.86382083333334
425.0945234298706,35.02230266666667,138.86382066666667
425.7013645172119,35.022302833333335,138.8638205
426.29567074775696,35.022302833333335,138.86382066666667
426.89507031440735,35.022303,138.8638205
427.4954447746277,35.02230316666667,138.8638205
428.09621357917786,35.022303,138.86382033333334
428.6962413787842,35.022303,138.86382
429.2970561981201,35.02230316666667,138.86382
429.89737343788147,35.022303,138.86381966666667
430.4970905780792,35.022303,138.8638195
431.0977849960327,35.022303,138.86381933333334
431.6976010799408,35.022303,138.86381883333334
432.298415184021,35.022303,138.86381833333334
432.89851665496826,35.022303,138.86381816666668
433.4988172054291,35.02230316666667,138.863818
434.0989365577698,35.02230333333333,138.86381766666668
434.6993169784546,35.0223035,138.86381716666668
435.30042243003845,35.02230333333333,138.863817
435.89994049072266,35.02230333333333,138.863817
436.50797510147095,35.0223005,138.86381683333335
437.1051299571991,35.022299,138.86381666666668
437.7094762325287,35.022299,138.8638165
438.31826877593994,35.02229833333333,138.8638165
438.9066319465637,35.0222975,138.8638165
439.5082473754883,35.022295666666665,138.86381733333334
440.10642433166504,35.022296,138.86381716666668
440.70925879478455,35.022295,138.86381766666668
441.3101689815521,35.02229533333333,138.86381716666668
441.91020131111145,35.022295,138.86381733333334
442.50922751426697,35.02229533333333,138.863817
443.11241006851196,35.02229616666666,138.8638165
443.71017718315125,35.02229633333334,138.863816
444.3151433467865,35.022297333333334,138.86381533333332
444.91274976730347,35.02229783333333,138.863815
445.51492285728455,35.022298666666664,138.86381466666666
446.11386489868164,35.022299,138.86381433333332
446.7156972885132,35.02229916666667,138.86381383333332
447.3140404224396,35.0222995,138.8638135
447.91493344306946,35.02230016666667,138.86381316666666
448.5168113708496,35.022300666666666,138.863813
449.11705493927,35.02230083333333,138.86381266666666
449.7158432006836,35.022301,138.86381216666666
450.31592988967896,35.022301166666665,138.863812
450.9170536994934,35.0223015,138.8638115
451.52177906036377,35.02230216666667,138.86381416666666
452.1179549694061,35.022302333333336,138.8638145
452.72243094444275,35.02230266666667,138.863815
453.3195376396179,35.0223025,138.863814
453.9199433326721,35.02230266666667,138.8638125
454.52187037467957,35.022302333333336,138.86380966666667
455.120897769928,35.0223025,138.86380933333334
455.7206678390503,35.02230266666667,138.863809
456.32168650627136,35.02230316666667,138.86380833333334
456.9270567893982,35.022303666666666,138.863808
457.52149081230164,35.02230383333333,138.8638075
458.1218135356903,35.02230383333333,138.86380716666667
458.7413399219513,35.022304166666665,138.86380666666668
459.32251048088074,35.022304166666665,138.86380633333334
459.9228928089142,35.022304166666665,138.86380566666668
460.5227701663971,35.02230433333333,138.8638055
461.1239757537842,35.02230466666666,138.86380533333335
461.7240309715271,35.02230483333334,138.863805
462.32413387298584,35.022305,138.8638045
462.92602825164795,35.02230516666667,138.8638045
463.5243260860443,35.02230516666667,138.86380416666665
464.12634563446045,35.022305333333335,138.863804
464.72513127326965,35.0223055,138.86380383333332
465.3251874446869,35.0223055,138.86380366666666
465.92530846595764,35.0223055,138.86380333333332
466.56802344322205,35.02230566666667,138.86380316666666
467.1375744342804,35.022306,138.863803
467.72655987739563,35.022306,138.86380283333332
468.32694005966187,35.02230616666667,138.8638025
468.9274477958679,35.022306,138.86380216666666
469.5274467468262,35.02230616666667,138.86380216666666
470.12807273864746,35.02230633333333,138.86380183333333
470.7281312942505,35.0223065,138.86380133333333
471.3300709724426,35.022306666666665,138.86380116666666
471.9284029006958,35.022306666666665,138.863801
472.529661655426,35.02230683333333,138.86380083333333
473.1837115287781,35.02230683333333,138.8638005
473.73131918907166,35.02230683333333,138.8638
474.3320941925049,35.022307,138.86379983333333
474.93131828308105,35.022307,138.86379983333333
475.53110432624817,35.022307,138.8637995
476.13373279571533,35.022307166666664,138.86379933333333
476.7325530052185,35.02230733333333,138.86379933333333
477.3323702812195,35.02230733333333,138.86379916666667
477.93341279029846,35.02230733333333,138.86379883333333
478.533127784729,35.02230733333333,138.86379883333333
479.15396547317505,35.02230766666667,138.86379866666667
479.7351405620575,35.02230766666667,138.86379833333334
480.3350431919098,35.022307833333336,138.86379833333334
480.9363307952881,35.022307833333336,138.863798
481.53498125076294,35.022308,138.86379783333334
482.1357250213623,35.02230816666667,138.86379766666667
482.7367432117462,35.02230816666667,138.86379716666667
483.3359673023224,35.02230816666667,138.863797
483.94166684150696,35.0223085,138.863797
484.53577494621277,35.02230866666667,138.86379683333334
485.13790464401245,35.02230866666667,138.863797
485.74199891090393,35.02230866666667,138.86379683333334
486.3367729187012,35.022308833333334,138.86379666666667
486.93702483177185,35.022309,138.8637965
487.557110786438,35.022309166666666,138.86379666666667
488.15143847465515,35.022309166666666,138.86379666666667
488.73819494247437,35.02230933333333,138.86379666666667
489.3379063606262,35.0223095,138.86379633333334
489.9386990070343,35.022309666666665,138.86379616666667
490.53949546813965,35.0223095,138.86379616666667
491.1608850955963,35.022306,138.86379616666667
491.74205708503723,35.0223055,138.863796
492.34240078926086,35.022307,138.8637955
492.94503021240234,35.022308833333334,138.86379533333334
493.54408526420593,35.022311,138.86379533333334
494.1431305408478,35.02231116666667,138.86379533333334
494.74238657951355,35.0223115,138.86379516666668
495.3430051803589,35.0223115,138.86379516666668
495.94451808929443,35.02231166666667,138.863795
496.54800510406494,35.02231166666667,138.863795
497.1452558040619,35.02231183333333,138.863795
497.74927020072937,35.022309166666666,138.86379283333332
498.3463137149811,35.022308833333334,138.8637925
498.9468104839325,35.022309,138.86379233333332
499.5475935935974,35.022307833333336,138.86379133333332
500.1666884422302,35.0223065,138.86379
500.7476763725281,35.02230616666667,138.86378966666666
501.34932017326355,35.0223065,138.86378983333333
501.9480903148651,35.02230766666667,138.86379066666666
502.5485074520111,35.022307166666664,138.86379033333333
503.1483509540558,35.02230616666667,138.8637895
503.74949383735657,35.022305833333334,138.86378916666666
504.34872245788574,35.022306,138.8637895
504.9485445022583,35.022305833333334,138.8637895
505.54940032958984,35.02230633333333,138.86378983333333
506.1503269672394,35.02230616666667,138.86378966666666
506.75035429000854,35.022305833333334,138.86378966666666
507.35046458244324,35.02230516666667,138.863789
507.9506268501282,35.02230466666666,138.86378866666666
508.5514943599701,35.022305333333335,138.86378916666666
509.15210700035095,35.02230566666667,138.86378966666666
509.75124979019165,35.02230516666667,138.86378933333333
510.35197377204895,35.022304,138.8637885
510.9519462585449,35.022303,138.8637875
511.56217408180237,35.022302833333335,138.86378766666667
512.152578830719,35.022303,138.86378783333333
512.7528464794159,35.022302833333335,138.86378766666667
513.3531355857849,35.022303,138.86378783333333
513.9539544582367,35.022302833333335,138.86378816666667
514.5536954402924,35.022302333333336,138.86378766666667
515.1539242267609,35.022301666666664,138.86378783333333
515.7547190189362,35.02230133333333,138.86378833333333
516.3547582626343,35.02230083333333,138.86378883333333
516.9550068378448,35.0223,138.86378916666666
517.5590598583221,35.02229916666667,138.86378966666666
518.156661272049,35.02229883333333,138.86379083333333
518.755462884903,35.0222985,138.86379133333332
519.3555452823639,35.022298166666666,138.86379233333332
519.9562940597534,35.02229783333333,138.86379316666665
520.556670665741,35.022297333333334,138.863794
521.1568922996521,35.0222975,138.86379533333334
521.7591640949249,35.0222975,138.86379633333334
522.3581848144531,35.02229666666667,138.8637965
522.9580321311951,35.02229616666666,138.86379733333334
523.5589871406555,35.02229616666666,138.86379816666667
524.1581876277924,35.0222955,138.8637985
524.7600536346436,35.02229416666667,138.86379833333334
525.4095714092255,35.0222935,138.86379866666667
525.9595048427582,35.02229283333333,138.863799
526.5590767860413,35.02229166666667,138.863799
527.160402059555,35.02228983333333,138.863799
527.7605936527252,35.022289,138.86379933333333
528.3605551719666,35.02228866666667,138.8637995
528.9609520435333,35.022288,138.8638
529.5649321079254,35.02228733333333,138.8638
530.1810493469238,35.022287,138.86379983333333
530.7639410495758,35.02228683333333,138.8637995
531.362108707428,35.0222865,138.86379883333333
531.9632360935211,35.022285833333335,138.86379783333334
532.5629091262817,35.022284666666664,138.86379716666667
533.1628348827362,35.022284166666665,138.86379683333334
533.7630481719971,35.02228366666667,138.863796
534.3641502857208,35.02228366666667,138.863796
534.9667532444,35.02228433333333,138.86379666666667
535.5653038024902,35.0222855,138.86379783333334
536.1647891998291,35.022285833333335,138.86379833333334
536.7647519111633,35.02228483333333,138.8637975
537.3659086227417,35.022284166666665,138.86379683333334
537.9657475948334,35.0222835,138.863796
538.565217256546,35.02228233333334,138.8637955
539.165629863739,35.022282,138.8637955
539.7664093971252,35.02228233333334,138.86379566666668
540.3665268421173,35.02228233333334,138.86379566666668
540.9667694568634,35.0222825,138.863796
541.5674960613251,35.02228266666667,138.8637965
542.1675744056702,35.022283,138.86379683333334
542.7679178714752,35.02228183333333,138.86379583333334
543.3675494194031,35.022281,138.86379516666668
543.9687063694,35.0222805,138.863795
544.5694887638092,35.0222805,138.86379516666668
545.1681208610535,35.02228016666667,138.86379516666668
545.7686123847961,35.022279833333336,138.86379483333334
546.3699219226837,35.022279166666664,138.86379466666668
546.9690237045288,35.02227883333333,138.8637945
547.5698654651642,35.022279,138.86379483333334
548.1698639392853,35.0222785,138.86379483333334
548.7707116603851,35.022278166666666,138.86379483333334
549.3707072734833,35.022277,138.863794
549.9706337451935,35.0222765,138.86379366666668
550.5721592903137,35.022276833333336,138.863794
551.1719512939453,35.02227666666667,138.86379433333335
551.7714250087738,35.022276166666664,138.86379433333335
552.371762752533,35.0222755,138.86379366666668
552.9720788002014,35.02227533333333,138.86379366666668
553.5736112594604,35.022275666666665,138.86379433333335
554.1728942394257,35.02227533333333,138.86379383333335
554.7735574245453,35.02227416666667,138.86379316666665
555.3737852573395,35.02227333333333,138.863793
555.9740989208221,35.02227333333333,138.86379316666665
556.5744435787201,35.02227333333333,138.863793
557.1745390892029,35.022272666666666,138.86379266666665
557.7747602462769,35.02227166666667,138.86379233333332
558.4015789031982,35.022271333333336,138.86379216666666
558.9752810001373,35.02227116666667,138.86379233333332
559.5753448009491,35.022271,138.8637925
560.1758286952972,35.022270666666664,138.8637925
560.7759304046631,35.022270666666664,138.8637925
561.376410484314,35.02226983333333,138.86379216666666
561.9765591621399,35.02226866666667,138.86379166666666
562.6218078136444,35.02226783333333,138.86379116666666
563.1769576072693,35.0222675,138.863791
563.777636051178,35.0222675,138.86379133333332
564.3771185874939,35.022267,138.8637915
564.9779500961304,35.02226616666667,138.86379116666666
565.5774631500244,35.0222655,138.863791
566.1785445213318,35.02226483333333,138.86379083333333
566.7791411876678,35.022263833333334,138.8637905
567.3793196678162,35.022263333333335,138.86379016666666
567.9791870117188,35.022263,138.86379033333333
568.5794703960419,35.02226266666667,138.86379033333333
569.1801924705505,35.0222625,138.8637905
569.78014087677,35.022262,138.86379033333333
570.4503846168518,35.022261,138.86378983333333
570.9821009635925,35.02225983333334,138.86378933333333
571.5809741020203,35.02225933333333,138.86378916666666
572.1814961433411,35.02225833333333,138.86378866666666
572.7818872928619,35.022257833333335,138.86378866666666
573.3822901248932,35.022257833333335,138.863789
573.982988357544,35.022257833333335,138.863789
574.5829315185547,35.0222575,138.86378916666666
575.182492017746,35.02225683333333,138.8637895
575.7834951877594,35.0222565,138.86378933333333
576.3839149475098,35.022255666666666,138.86378866666666
576.98362159729,35.02225466666667,138.86378833333333
577.5837924480438,35.022254,138.86378833333333
578.1843450069427,35.0222535,138.86378833333333
578.7842071056366,35.022253166666665,138.86378833333333
579.3848240375519,35.02225283333333,138.86378866666666
579.9853143692017,35.0222525,138.86378883333333
580.5941298007965,35.02225166666667,138.86378866666666
581.1850843429565,35.022251,138.86378866666666
581.7858805656433,35.0222505,138.86378883333333
582.3866436481476,35.02225033333333,138.863789
582.9865686893463,35.0222495,138.8637885
583.5875809192657,35.02224833333333,138.86378816666667
584.1868395805359,35.022247666666665,138.86378816666667
585.0435833930969,35.022246833333334,138.863788
585.3874893188477,35.02224616666667,138.86378766666667
585.9885423183441,35.0222455,138.86378733333333
586.5881164073944,35.02224483333333,138.8637875
587.1886484622955,35.02224416666667,138.86378733333333
587.7910525798798,35.0222435,138.86378716666667
588.4458017349243,35.022243333333336,138.86378733333333
588.9926455020905,35.022243333333336,138.8637875
589.5927178859711,35.022243,138.86378766666667
590.1936113834381,35.02224366666667,138.86378883333333
590.7938590049744,35.02224433333333,138.86378933333333
591.393462896347,35.022244,138.86378916666666
591.9942445755005,35.02224316666667,138.86378833333333
592.6026072502136,35.02224183333333,138.86378783333333
593.1945400238037,35.02224116666667,138.86378783333333
593.7946107387543,35.022240833333335,138.86378733333333
594.395259141922,35.0222405,138.8637875
594.9952867031097,35.02223983333333,138.86378716666667
595.5954518318176,35.0222385,138.86378666666667
596.1959090232849,35.0222375,138.86378583333334
596.7964429855347,35.02223683333333,138.8637855
597.3980624675751,35.0222365,138.86378533333334
597.9990181922913,35.022236,138.8637855
598.5974078178406,35.02223583333333,138.8637855
599.2002427577972,35.0222355,138.86378583333334
599.7984478473663,35.022235,138.8637855
600.3985216617584,35.022234833333336,138.86378516666667
600.9992518424988,35.0222345,138.8637855
601.600834608078,35.022234166666664,138.863786
602.2016887664795,35.022234,138.86378616666667
602.8006544113159,35.022234,138.86378633333334
603.4006819725037,35.02223383333333,138.86378616666667
604.001312494278,35.022233666666665,138.86378666666667
604.6022481918335,35.022233666666665,138.86378683333334
605.2014286518097,35.022233166666666,138.86378683333334
605.8032310009003,35.02223333333333,138.863787
606.4073371887207,35.022234,138.86378733333333
607.0034475326538,35.022234833333336,138.863788
607.6043543815613,35.02223716666666,138.86379016666666
608.204519033432,35.022238333333334,138.863791
608.8049235343933,35.02223816666667,138.863791
609.4059326648712,35.02223816666667,138.86379033333333
610.0045576095581,35.022238,138.86379033333333
610.6063930988312,35.022237833333335,138.86379066666666
611.2065858840942,35.0222375,138.86379033333333
611.8064603805542,35.022237,138.8637905
612.4058086872101,35.022237,138.8637905
613.0097410678864,35.022238333333334,138.86379133333332
613.6090662479401,35.02224066666667,138.86379283333332
614.2847735881805,35.022241333333334,138.86379316666665
614.810037612915,35.022241333333334,138.86379333333332
615.4096426963806,35.022241,138.86379316666665
616.0086195468903,35.022241,138.86379333333332
616.6118228435516,35.02224116666667,138.86379366666668
617.2103080749512,35.02224116666667,138.86379366666668
617.8139796257019,35.022242,138.86379416666668
618.4107139110565,35.022242,138.86379433333335
619.0125639438629,35.02224183333333,138.86379433333335
619.6122643947601,35.02224116666667,138.86379383333335
620.2115273475647,35.02224116666667,138.86379416666668
620.8127796649933,35.022241,138.863794
621.418133020401,35.022240333333336,138.86379366666668
622.0130207538605,35.02223983333333,138.86379383333335
622.6135129928589,35.02224,138.863794
623.2136263847351,35.02223933333333,138.86379383333335
623.8132362365723,35.022239166666665,138.863794
624.4145171642303,35.02223766666667,138.86379316666665
625.0150189399719,35.02223566666667,138.86379216666666
625.616975069046,35.022234166666664,138.8637915
626.2148261070251,35.02223266666667,138.863791
626.8151385784149,35.0222325,138.863791
627.4160311222076,35.022232333333335,138.863791
628.0183298587799,35.022231833333336,138.86379066666666
628.6185393333435,35.02223166666667,138.8637905
629.2181897163391,35.02223133333333,138.86379033333333
629.816864490509,35.022231166666664,138.86379016666666
630.4172487258911,35.022231,138.86379016666666
631.0170388221741,35.02223083333333,138.86378983333333
631.6202340126038,35.022230666666665,138.86378966666666
632.2177970409393,35.0222305,138.86378983333333
632.817971944809,35.02223033333333,138.86378966666666
633.4182727336884,35.02223016666667,138.8637895
634.0189156532288,35.02223016666667,138.86378966666666
634.6497077941895,35.022231,138.863794
635.223926782608,35.02223083333333,138.86379416666668
635.8239469528198,35.0222305,138.863794
636.4248955249786,35.0222305,138.86379433333335
637.0237922668457,35.02223033333333,138.8637945
637.6260478496552,35.02223016666667,138.863795
638.2253665924072,35.02223,138.86379433333335
638.8245458602905,35.02222966666667,138.8637925
639.4275915622711,35.022229333333335,138.86378983333333
640.0263595581055,35.02222916666667,138.86378966666666
640.6506497859955,35.02223133333333,138.86379083333333
641.2282469272614,35.022232,138.863791
641.8282182216644,35.02223083333333,138.86379083333333
642.4330787658691,35.0222285,138.86379016666666
643.0281069278717,35.02222833333333,138.86379033333333
643.6308107376099,35.022228,138.86379033333333
644.2287108898163,35.02222783333333,138.8637905
644.8336207866669,35.02223,138.863794
645.4314165115356,35.02223016666667,138.86379483333334
646.0307941436768,35.02223,138.8637945
646.6319396495819,35.02223,138.863795
647.2314431667328,35.02223,138.863796
647.834401845932,35.02223,138.8637965
648.4323382377625,35.022229833333334,138.86379666666667
649.0335111618042,35.02222966666667,138.8637965
649.6332364082336,35.02222966666667,138.863797
650.2350766658783,35.022229333333335,138.863797
650.8339810371399,35.02222916666667,138.863797
651.4352867603302,35.022229,138.86379683333334
652.0340113639832,35.02222883333334,138.8637965
652.6355845928192,35.022229,138.863797
653.2347588539124,35.02222883333334,138.86379716666667
653.8366672992706,35.0222285,138.86379733333334
654.4358575344086,35.02222833333333,138.863797
655.0355384349823,35.022228,138.86379683333334
655.6364498138428,35.022227666666666,138.8637965
656.2362992763519,35.0222275,138.8637965
656.8394207954407,35.02222716666667,138.8637965
657.4365584850311,35.022226833333335,138.8637965
658.0387752056122,35.02222666666667,138.863796
658.6399500370026,35.0222265,138.86379566666668
659.2379331588745,35.02222616666667,138.86379583333334
659.8383247852325,35.02222583333333,138.8637955
660.4392650127411,35.0222255,138.86379516666668
661.0395460128784,35.022225166666665,138.8637945
661.6400194168091,35.022225166666665,138.86379483333334
662.2392492294312,35.02222483333333,138.86379466666668
662.840859413147,35.022224333333334,138.86379416666668
663.4408378601074,35.022223833333335,138.863793
664.0429339408875,35.02222416666667,138.86379366666668
664.6479523181915,35.0222235,138.863793
665.264125585556,35.02222316666667,138.8637925
665.8918924331665,35.02222283333333,138.8637925
666.4451348781586,35.02222233333333,138.86379216666666
667.0451035499573,35.02222233333333,138.8637925
667.6459999084473,35.022222166666666,138.86379216666666
668.2460317611694,35.022222166666666,138.8637925
668.8565671443939,35.022222166666666,138.8637925
669.4451613426208,35.022222,138.86379266666665
670.0464515686035,35.022222166666666,138.86379266666665
670.649242401123,35.02222183333333,138.8637925
671.2460198402405,35.02222166666667,138.86379266666665
671.8485090732574,35.02222166666667,138.86379266666665
672.4489271640778,35.022221333333334,138.86379283333332
673.0537860393524,35.0222215,138.8637925
673.6496229171753,35.022221333333334,138.86379266666665
674.248767375946,35.02222116666667,138.86379283333332
674.8486218452454,35.022221,138.86379316666665
675.4523591995239,35.022220833333336,138.86379283333332
676.0494055747986,35.022221,138.863793
676.6510796546936,35.02222116666667,138.86379283333332
677.275631904602,35.022223333333336,138.86379283333332
677.8511338233948,35.022223333333336,138.863793
678.4561605453491,35.02222533333333,138.86379316666665
679.064430475235,35.022222166666666,138.8637925
679.6671919822693,35.0222265,138.86379333333332
680.2535564899445,35.022226333333336,138.8637935
680.8538796901703,35.02222666666667,138.86379366666668
681.453143119812,35.0222265,138.86379383333335
682.0538260936737,35.02222666666667,138.86379383333335
682.6619968414307,35.022226833333335,138.863794
683.2920320034027,35.022226833333335,138.863794
683.8546514511108,35.022226833333335,138.8637945
684.4545474052429,35.022227,138.86379433333335
685.0556700229645,35.02222716666667,138.86379466666668
685.6554770469666,35.02222733333333,138.8637945
686.255850315094,35.02222716666667,138.86379516666668
686.8571908473969,35.0222275,138.863795
687.4562163352966,35.0222275,138.8637955
688.0590572357178,35.022228,138.86379566666668
688.6629490852356,35.02222883333334,138.86379583333334
689.2571802139282,35.02222916666667,138.86379616666667
689.8584411144257,35.022229333333335,138.86379633333334
690.4577474594116,35.0222295,138.86379666666667
691.058319568634,35.02222966666667,138.8637965
691.6585509777069,35.022229833333334,138.86379666666667
692.2584903240204,35.02223,138.86379666666667
692.8655886650085,35.02223033333333,138.863797
693.4607539176941,35.022230666666665,138.863797
694.0604774951935,35.022230666666665,138.86379733333334
694.6608970165253,35.022231,138.86379733333334
695.2610671520233,35.022231,138.8637975
695.8601949214935,35.022231166666664,138.86379783333334
696.4605779647827,35.02223133333333,138.86379766666667
697.0613114833832,35.02223133333333,138.863798
697.6611025333405,35.0222315,138.863798
698.2613759040833,35.02223166666667,138.86379833333334
698.8618462085724,35.022231833333336,138.86379866666667
699.4622209072113,35.022231833333336,138.86379866666667
700.1303381919861,35.022232,138.86379866666667
700.6630938053131,35.022232,138.86379866666667
701.2634997367859,35.022231833333336,138.86379883333333
701.8628783226013,35.02223216666667,138.86379883333333
702.4630796909332,35.02223216666667,138.86379916666667
703.0646104812622,35.022232333333335,138.863799
703.6637468338013,35.02223216666667,138.86379883333333
704.264182806015,35.02223216666667,138.86379916666667
704.865220785141,35.022232,138.86379916666667
705.4645805358887,35.022232333333335,138.86379916666667
706.0650639533997,35.0222325,138.863799
706.6657276153564,35.0222325,138.86379883333333
707.2663083076477,35.0222325,138.863799
707.8655445575714,35.0222325,138.863799
708.4664804935455,35.022232833333334,138.86379916666667
709.0671422481537,35.022232833333334,138.863799
709.6711990833282,35.022231833333336,138.86379866666667
710.2673177719116,35.022231833333336,138.863799
710.867381811142,35.022232,138.86379866666667
711.4678699970245,35.022232,138.8637985
712.0679726600647,35.02223216666667,138.86379866666667
712.6683847904205,35.02223216666667,138.86379866666667
713.2686903476715,35.02223216666667,138.86379866666667
713.8687798976898,35.02223216666667,138.86379883333333
714.4694333076477,35.022232333333335,138.8637985
715.0801255702972,35.022232,138.86379866666667
715.670027256012,35.022232333333335,138.86379883333333
716.2700989246368,35.02223216666667,138.8637985
716.8709502220154,35.02223216666667,138.8637985
717.471129655838,35.022232333333335,138.8637985
718.0706689357758,35.022232333333335,138.86379833333334
718.6761381626129,35.02223566666667,138.86379883333333
719.2724151611328,35.02223583333333,138.86379883333333
719.873010635376,35.022236,138.86379883333333
720.4802255630493,35.0222375,138.863799
721.0792419910431,35.02223683333333,138.86379916666667
721.6750903129578,35.022237,138.86379933333333
722.2788918018341,35.02223816666667,138.86379916666667
722.8771278858185,35.022238333333334,138.86379933333333
723.4769656658173,35.022238333333334,138.8637995
724.0777742862701,35.0222385,138.86379916666667
724.6858775615692,35.0222365,138.8637995
725.2822954654694,35.022239,138.86379983333333
725.8829736709595,35.02223566666667,138.86379933333333
726.4844398498535,35.02223866666667,138.86380033333333
727.0961260795593,35.022236166666666,138.863799
727.6860377788544,35.022239,138.8637995
728.3203718662262,35.02223383333333,138.863799
728.8948094844818,35.02223383333333,138.86379816666667
729.4924473762512,35.02223383333333,138.86379816666667
730.0922708511353,35.022234,138.86379783333334
730.692506313324,35.022234,138.86379766666667
731.2994537353516,35.0222345,138.863798
731.895539522171,35.02223466666667,138.8637975
732.4944264888763,35.02223466666667,138.8637975
733.102954864502,35.0222345,138.86379683333334
733.697991847992,35.022234833333336,138.86379733333334
734.3099970817566,35.022235,138.86379716666667
734.8955717086792,35.02223516666667,138.863797
735.4954435825348,35.022235333333334,138.8637975
736.1104717254639,35.0222355,138.86379733333334
736.6964721679688,35.02223583333333,138.8637975
737.2965734004974,35.02223633333333,138.8637975
737.8961625099182,35.022236666666664,138.86379733333334
738.49742436409,35.02223716666666,138.86379783333334
739.0960831642151,35.0222375,138.86379783333334
739.697808265686,35.022238,138.86379783333334
740.2986869812012,35.02223816666667,138.863798
740.8975756168365,35.02223866666667,138.86379783333334
741.4981563091278,35.022239,138.863798
742.0989756584167,35.022239166666665,138.8637975
742.699010848999,35.0222395,138.863798
743.3040521144867,35.0222395,138.86379766666667
743.9041976928711,35.02224016666667,138.86379783333334
744.5048942565918,35.0222405,138.86379766666667
745.1006927490234,35.02224066666667,138.86379783333334
745.702974319458,35.022241,138.86379783333334
746.3020474910736,35.02224116666667,138.86379783333334
746.9016103744507,35.0222415,138.86379783333334
747.5027072429657,35.022241666666666,138.8637975
748.1029977798462,35.02224183333333,138.86379783333334
748.7026858329773,35.022242,138.8637975
749.3043646812439,35.022242166666665,138.8637975
749.9047045707703,35.0222425,138.8637975
750.5037071704865,35.02224266666666,138.8637975
751.1181256771088,35.02224283333334,138.86379766666667
751.7056350708008,35.022243,138.8637975
752.305567741394,35.02224316666667,138.86379766666667
752.9046158790588,35.0222435,138.8637975
753.5070142745972,35.022243833333334,138.86379766666667
754.1045413017273,35.022244,138.86379766666667
754.7073032855988,35.02224416666667,138.86379783333334
755.3087296485901,35.0222445,138.8637975
755.9088604450226,35.022244666666666,138.8637975
756.5068542957306,35.02224483333333,138.8637975
757.1227157115936,35.022245,138.8637975
757.7148966789246,35.022245,138.86379766666667
758.3128001689911,35.022245166666664,138.8637975
758.9099326133728,35.022245,138.86379733333334
759.5094089508057,35.022245166666664,138.863797
760.1129834651947,35.02224533333333,138.86379666666667
760.7320561408997,35.02224566666667,138.86379666666667
761.3154053688049,35.02224566666667,138.8637965
761.9123177528381,35.022245833333336,138.86379633333334
762.5126965045929,35.022246,138.8637965
763.1149353981018,35.0222465,138.8637965
763.7223176956177,35.0222465,138.86379666666667
764.3141088485718,35.022246833333334,138.8637965
764.9146494865417,35.022247166666666,138.8637965
765.5153059959412,35.02224733333333,138.86379666666667
766.115473985672,35.0222475,138.86379683333334
766.7155060768127,35.022247666666665,138.86379683333334
767.3146934509277,35.02224783333333,138.86379666666667
767.9159417152405,35.022248,138.863797
768.5171961784363,35.022248166666664,138.86379666666667
769.1173887252808,35.022248166666664,138.86379633333334
769.7443137168884,35.02224916666667,138.86379833333334
770.370982170105,35.0222495,138.86379866666667
770.9180285930634,35.0222495,138.86379933333333
771.5199928283691,35.02224966666667,138.86379983333333
772.1190390586853,35.02224966666667,138.86379916666667
772.7232575416565,35.02224966666667,138.863799
773.3203852176666,35.02224983333333,138.86379883333333
773.9203481674194,35.02224983333333,138.86379833333334
774.5202324390411,35.02224983333333,138.86379883333333
775.138106584549,35.0222495,138.8637965
775.7232565879822,35.0222495,138.8637965
776.3214402198792,35.02224966666667,138.8637965
776.92342710495,35.02224966666667,138.86379666666667
777.5227499008179,35.02224983333333,138.86379666666667
778.1235330104828,35.02224983333333,138.86379683333334
778.7321119308472,35.022250166666666,138.86379683333334
779.3258204460144,35.022250166666666,138.86379666666667
779.925409078598,35.02225,138.863797
780.5257287025452,35.022250166666666,138.863797
781.1263210773468,35.02225,138.86379716666667
781.7263977527618,35.022250166666666,138.86379733333334
782.3269779682159,35.02225033333333,138.86379716666667
782.9291529655457,35.02225033333333,138.86379733333334
783.5300714969635,35.022250666666665,138.86379733333334
784.1310005187988,35.0222505,138.86379716666667
784.7314155101776,35.022250666666665,138.863797
785.3307657241821,35.0222505,138.86379716666667
785.9316217899323,35.022250666666665,138.86379716666667
786.5311913490295,35.02225083333333,138.86379733333334
787.1321251392365,35.02225083333333,138.86379733333334
787.7463936805725,35.022250666666665,138.86379733333334
788.3324770927429,35.02225083333333,138.86379733333334
788.9346165657043,35.02225083333333,138.8637975
789.5343453884125,35.02225083333333,138.86379783333334
790.133903503418,35.022251,138.863798
790.7397832870483,35.022251,138.863798
791.3340241909027,35.022251,138.86379783333334
791.9393811225891,35.022251,138.86379783333334
792.5355205535889,35.0222515,138.86379783333334
793.1358704566956,35.0222515,138.863798
793.7361164093018,35.0222515,138.86379816666667
794.3367240428925,35.0222515,138.863798
794.9385883808136,35.02225166666667,138.863798
795.5381574630737,35.02225166666667,138.86379833333334
796.1382277011871,35.02225166666667,138.86379833333334
796.749356508255,35.022251833333335,138.86379816666667
797.3463830947876,35.02225166666667,138.86379816666667
797.9456558227539,35.02225166666667,138.863798
798.5419232845306,35.02225166666667,138.86379833333334
799.1462984085083,35.02225166666667,138.863798
799.7454216480255,35.022251833333335,138.863798
800.357542514801,35.022251833333335,138.86379816666667
800.945255279541,35.022251833333335,138.863798
801.5459287166595,35.022252,138.86379816666667
802.144802570343,35.022251833333335,138.86379816666667
802.7449538707733,35.022252,138.863798
803.3466100692749,35.022252,138.86379816666667
803.9838473796844,35.0222525,138.86379866666667
804.5468106269836,35.0222525,138.86379833333334
805.1510620117188,35.02225283333333,138.863799
805.7506213188171,35.02225283333333,138.86379866666667
806.3532819747925,35.0222535,138.86379933333333
806.9658937454224,35.02225083333333,138.863798
807.5547456741333,35.02225416666667,138.863799
808.1516168117523,35.022254333333336,138.86379916666667
808.7517547607422,35.02225416666667,138.86379883333333
809.3528728485107,35.02225416666667,138.86379883333333
809.9564785957336,35.022254833333335,138.86379883333333
810.5527505874634,35.022254833333335,138.86379883333333
811.1530923843384,35.022255,138.86379866666667
811.7530024051666,35.02225516666667,138.8637985
812.3533625602722,35.02225516666667,138.86379816666667
812.9871323108673,35.0222555,138.86379816666667
813.5545427799225,35.0222555,138.86379816666667
814.1544721126556,35.022255666666666,138.863798
814.7552082538605,35.022256166666665,138.86379783333334
815.355516910553,35.022256166666665,138.863798
815.9569687843323,35.022256666666664,138.86379783333334
816.5562918186188,35.022256666666664,138.863798
817.1705622673035,35.02225683333333,138.863798
817.7559840679169,35.02225716666667,138.863798
818.3568451404572,35.0222575,138.863798
818.9567246437073,35.02225766666667,138.863798
819.556654214859,35.022257833333335,138.86379816666667
820.1575438976288,35.022258,138.86379816666667
820.7589347362518,35.02225816666667,138.86379783333334
821.3572537899017,35.02225833333333,138.863798
821.9654595851898,35.0222585,138.863798
822.5609002113342,35.022258666666666,138.863798
823.1581234931946,35.022258666666666,138.86379783333334
823.7598156929016,35.02225883333333,138.86379733333334
824.3592519760132,35.02225883333333,138.8637975
824.965096950531,35.02225816666667,138.863797
825.5632643699646,35.02225816666667,138.86379666666667
826.1630675792694,35.02225683333333,138.8637965
826.7659668922424,35.02225466666667,138.86379516666668
827.3625643253326,35.022254333333336,138.863795
827.9624438285828,35.02225416666667,138.8637945
828.5628869533539,35.022254333333336,138.86379483333334
829.1631829738617,35.022254833333335,138.86379466666668
829.7630956172943,35.022255333333334,138.86379466666668
830.363293170929,35.022255666666666,138.86379466666668
830.9639093875885,35.0222565,138.86379466666668
831.5644092559814,35.02225716666667,138.86379483333334
832.1670138835907,35.0222585,138.86379533333334
832.7664630413055,35.022258666666666,138.86379516666668
833.3664627075195,35.022259,138.86379533333334
834.0569667816162,35.022259166666664,138.863795
834.566873550415,35.022259,138.86379516666668
835.1674122810364,35.022259166666664,138.86379483333334
835.7684364318848,35.02225883333333,138.8637945
836.3681790828705,35.022258666666666,138.8637945
836.9687175750732,35.02225883333333,138.86379433333335
837.5688211917877,35.022258666666666,138.86379416666668
838.168119430542,35.02225883333333,138.863794
838.7692835330963,35.02225883333333,138.86379383333335
839.3696434497833,35.022258666666666,138.86379366666668
839.9693818092346,35.022258666666666,138.86379383333335
840.5704476833344,35.02225883333333,138.86379383333335
841.1696736812592,35.0222585,138.86379366666668
841.7695894241333,35.02225883333333,138.8637935
842.369907617569,35.02225883333333,138.86379333333332
843.003710269928,35.02225883333333,138.86379333333332
843.5706062316895,35.022259166666664,138.86379316666665
844.193678855896,35.022260333333335,138.86379366666668
844.7733964920044,35.022260333333335,138.8637935
845.3809554576874,35.02226066666667,138.86379366666668
845.9752926826477,35.0222605,138.8637935
846.5753469467163,35.022260833333334,138.8637935
847.1755292415619,35.022260833333334,138.8637935
847.7920367717743,35.02226066666667,138.86379333333332
848.3762984275818,35.02226066666667,138.86379333333332
848.9766497612,35.0222605,138.86379333333332
849.5768575668335,35.02226066666667,138.863793
850.1805999279022,35.0222605,138.863793
850.7768135070801,35.0222605,138.86379333333332
851.3777694702148,35.0222605,138.863793
851.9774518013,35.02226016666667,138.863793
852.5789461135864,35.02226016666667,138.86379283333332
853.178120136261,35.02226,138.863793
853.7787342071533,35.02225983333334,138.86379266666665
854.3800272941589,35.02225966666666,138.8637925
854.9808187484741,35.0222595,138.8637925
855.5807642936707,35.02225933333333,138.863792
856.1795008182526,35.022259,138.86379166666666
856.7915480136871,35.022258666666666,138.8637915
857.3801319599152,35.022258666666666,138.86379116666666
857.9803938865662,35.02225833333333,138.86379116666666
858.580883026123,35.02225816666667,138.86379083333333
859.1808812618256,35.022258,138.86379083333333
859.7811698913574,35.022257833333335,138.86379066666666
860.3814134597778,35.02225766666667,138.86379066666666
860.9817605018616,35.022257333333336,138.8637905
861.5823299884796,35.02225716666667,138.8637905
862.1824767589569,35.02225683333333,138.8637905
862.7826211452484,35.0222565,138.86379033333333
863.3829646110535,35.02225633333333,138.8637905
863.9848630428314,35.022256,138.8637905
864.5836811065674,35.02225583333333,138.8637905
865.1841583251953,35.0222555,138.86379066666666
865.7840778827667,35.022255333333334,138.86379083333333
866.384263753891,35.022255,138.86379066666666
866.984307050705,35.022254833333335,138.86379083333333
867.5851871967316,35.022254333333336,138.86379083333333
868.1848826408386,35.02225416666667,138.86379083333333
868.7858498096466,35.022253666666664,138.86379066666666
869.3859152793884,35.022253166666665,138.86379083333333
869.9856562614441,35.02225283333333,138.86379066666666
870.5863828659058,35.022252333333334,138.86379066666666
871.1867287158966,35.022251833333335,138.86379066666666
871.7883512973785,35.0222515,138.8637905
872.3877799510956,35.022251,138.86379033333333
872.9899883270264,35.022250666666665,138.86379033333333
873.5891337394714,35.022250166666666,138.86379016666666
874.1885094642639,35.02224966666667,138.86379016666666
874.8064050674438,35.022248833333336,138.86379
875.3903365135193,35.0222485,138.86379
875.9914662837982,35.02224783333333,138.86379016666666
876.591340303421,35.02224733333333,138.86378983333333
877.1908779144287,35.022246833333334,138.86378983333333
877.791750907898,35.022245833333336,138.8637895
878.3920323848724,35.0222455,138.8637895
878.9941899776459,35.02224483333333,138.86378933333333
879.5943284034729,35.02224416666667,138.863789
880.1940326690674,35.0222435,138.86378883333333
880.8027675151825,35.0222425,138.86378833333333
881.3933343887329,35.022242,138.86378833333333
881.9948527812958,35.0222415,138.86378816666667
882.5990228652954,35.02224,138.86378733333333
883.1964144706726,35.022239666666664,138.86378733333333
883.7950780391693,35.022239,138.86378716666667
884.3958561420441,35.022238333333334,138.86378683333334
884.996413230896,35.0222375,138.86378666666667
885.6009702682495,35.0222335,138.86378333333334
886.199684381485,35.0222335,138.863784
886.80002617836,35.02223266666667,138.8637835
887.4000425338745,35.022231833333336,138.863783
887.9968383312225,35.022231166666664,138.863783
888.5972099304199,35.02223033333333,138.863783
889.1973490715027,35.02222966666667,138.863783
889.8109295368195,35.022228,138.863782
890.3989615440369,35.02222733333333,138.86378183333332
890.9992747306824,35.02222666666667,138.86378183333332
891.5996479988098,35.02222583333333,138.86378183333332
892.1998274326324,35.022225166666665,138.86378166666665
892.8003323078156,35.0222245,138.8637815
893.4000339508057,35.0222235,138.86378116666666
894.0005271434784,35.02222283333333,138.863781
894.6010024547577,35.022222166666666,138.86378083333332
895.2011911869049,35.022221,138.86378066666666
895.8016304969788,35.02222033333334,138.8637805
896.4018244743347,35.0222195,138.8637805
897.002867937088,35.0222185,138.86377983333333
897.6072626113892,35.022216666666665,138.86377883333333
898.2079749107361,35.0222165,138.8637795
898.803288936615,35.02221566666667,138.86377916666666
899.4067740440369,35.022214,138.86377783333333
900.0038814544678,35.02221333333333,138.8637775
900.6041376590729,35.0222125,138.86377733333333
901.2080316543579,35.022211166666665,138.8637765
901.807207107544,35.022211166666665,138.86377716666667
902.4061939716339,35.02221016666667,138.86377666666667
903.0046606063843,35.0222095,138.86377633333333
903.6071124076843,35.022208666666664,138.86377633333333
904.2054736614227,35.022208,138.86377616666667
904.9050738811493,35.0222065,138.86377533333334
905.4106616973877,35.0222065,138.86377583333334
906.0088787078857,35.022205666666665,138.86377566666667
906.6120867729187,35.0222045,138.86377483333334
907.2120544910431,35.02220483333333,138.86377583333334
907.8239943981171,35.0222035,138.86377516666667
908.4135313034058,35.0222025,138.86377483333334
909.0132377147675,35.022201833333334,138.8637745
909.6114983558655,35.022201,138.86377416666667
910.2138333320618,35.02220033333333,138.863774
910.8125278949738,35.0221995,138.86377383333334
911.4134724140167,35.022198833333334,138.86377366666667
912.0138461589813,35.02219783333334,138.86377316666668
912.6139197349548,35.02219733333333,138.86377316666668
913.2151474952698,35.0221965,138.86377283333334
913.8138828277588,35.022195833333335,138.86377283333334
914.4161274433136,35.02219483333333,138.86377266666668
915.015647649765,35.022194,138.8637725
915.6148672103882,35.022193333333334,138.8637725
916.2154381275177,35.0221925,138.86377216666668
916.8613889217377,35.022191166666666,138.86377166666668
917.4179661273956,35.022190333333334,138.86377166666668
918.0184624195099,35.0221895,138.8637715
918.6174850463867,35.022188666666665,138.86377133333335
919.2189898490906,35.022188166666666,138.86377133333335
919.8189973831177,35.022187333333335,138.86377133333335
920.418802022934,35.0221865,138.86377133333335
921.0215406417847,35.02218633333333,138.863772
921.6199686527252,35.0221855,138.86377216666668
922.2220573425293,35.022184833333334,138.86377216666668
922.821053981781,35.02218416666667,138.86377216666668
923.4250621795654,35.02218416666667,138.86377316666668
924.0216107368469,35.02218333333333,138.86377333333334
924.6224701404572,35.0221825,138.86377316666668
925.2299735546112,35.0221825,138.86377416666667
925.8346281051636,35.02218166666667,138.86377416666667
926.4227368831635,35.02218083333333,138.863774
927.0229544639587,35.02217983333333,138.86377416666667
927.6254892349243,35.022179666666666,138.863775
928.2247769832611,35.022178833333335,138.863775
928.8243806362152,35.022178,138.863775
929.4260654449463,35.022177,138.863775
930.0256254673004,35.022176333333334,138.863775
930.6261615753174,35.0221755,138.86377516666667
931.2262578010559,35.022175,138.86377533333334
931.8271367549896,35.022174166666666,138.86377516666667
932.4268033504486,35.02217366666667,138.86377516666667
933.0276598930359,35.022172833333336,138.86377516666667
933.6274170875549,35.02217233333333,138.86377516666667
934.2281308174133,35.022171666666665,138.863775
934.8283150196075,35.022171,138.863775
935.4292657375336,35.02217066666667,138.86377466666667
936.040647983551,35.02216883333333,138.86377333333334
936.631032705307,35.0221685,138.86377316666668
937.2317521572113,35.02216816666667,138.863773
937.8451383113861,35.02216766666667,138.86377266666668
938.431711435318,35.022167333333336,138.8637725
939.0323693752289,35.022167,138.86377233333334
939.7231945991516,35.02216516666667,138.86377083333332
940.239010810852,35.022164833333335,138.86377083333332
940.8383932113647,35.0221645,138.863771
941.438446521759,35.022164,138.86377066666665
942.043802022934,35.02216333333333,138.86376983333332
942.6426329612732,35.0221625,138.86376933333332
943.2411086559296,35.022162333333334,138.86376916666666
943.8407468795776,35.022162,138.863769
944.4413592815399,35.02216166666667,138.86376883333332
945.0414972305298,35.0221615,138.86376883333332
945.6417527198792,35.02216133333334,138.863769
946.2424283027649,35.02216116666666,138.86376866666666
946.8635201454163,35.02215983333333,138.8637675
947.7362403869629,35.02215983333333,138.86376766666666
948.0469462871552,35.02215866666667,138.8637665
948.6447277069092,35.0221585,138.86376616666666
949.2457566261292,35.02215833333333,138.8637665
949.8525660037994,35.0221585,138.86376666666666
950.4478578567505,35.02215833333333,138.86376666666666
951.04762840271,35.022158166666664,138.86376666666666
951.6490514278412,35.022157666666665,138.8637665
952.2488758563995,35.022157666666665,138.8637665
952.8487663269043,35.0221575,138.86376666666666
953.4492716789246,35.022157166666666,138.86376633333333
954.0489709377289,35.022157,138.86376633333333
954.6583025455475,35.02215566666667,138.86376483333333
955.2510185241699,35.02215566666667,138.86376483333333
955.8503971099854,35.0221555,138.863765
956.4507994651794,35.0221555,138.863765
957.0510847568512,35.02215533333333,138.86376483333333
957.6549458503723,35.022154,138.8637635
958.2516300678253,35.022154,138.86376333333334
958.8518025875092,35.02215366666667,138.86376333333334
959.4523189067841,35.0221535,138.86376383333334
960.0524353981018,35.02215316666667,138.86376333333334
960.6524620056152,35.02215316666667,138.8637635
961.2529246807098,35.02215316666667,138.86376316666667
961.8534243106842,35.022153,138.86376283333334
962.453560590744,35.022153,138.86376283333334
963.0539865493774,35.02215266666666,138.8637625
963.6539189815521,35.0221525,138.8637625
964.2544100284576,35.02215283333334,138.86376233333334
964.8555994033813,35.02215233333333,138.86376183333334
965.4558863639832,35.02215233333333,138.8637615
966.0551514625549,35.022152166666665,138.8637615
966.6555092334747,35.022152166666665,138.86376133333334
967.2555367946625,35.022152166666665,138.86376133333334
967.8558855056763,35.022152166666665,138.86376116666668
968.4563677310944,35.022152,138.86376116666668
969.0570771694183,35.02215183333333,138.86376083333334
969.6570963859558,35.02215183333333,138.86376066666668
970.257247209549,35.02215183333333,138.8637605
970.8574154376984,35.022151666666666,138.8637605
971.4574291706085,35.0221515,138.86376033333335
972.0579557418823,35.0221515,138.86376016666668
972.657960653305,35.02215133333333,138.86376016666668
973.4327642917633,35.02215133333333,138.86376016666668
973.8590266704559,35.02215116666667,138.86376
974.4595136642456,35.02215116666667,138.86376
975.0597302913666,35.02215133333333,138.86375983333335
975.6654613018036,35.02215116666667,138.86376
976.2601850032806,35.02215116666667,138.86375983333335
976.8609926700592,35.022151,138.86376
977.4610326290131,35.02215116666667,138.86375983333335
978.0608751773834,35.022151,138.86376
978.6754336357117,35.022151,138.86375983333335
979.2614345550537,35.022150833333335,138.86376
979.8618330955505,35.022150833333335,138.86375983333335
980.462236404419,35.022150833333335,138.86376
981.0622012615204,35.02215066666667,138.86375983333335
981.6624326705933,35.0221505,138.86376
982.262955904007,35.0221505,138.86376016666668
982.8632695674896,35.0221505,138.86376
983.4639556407928,35.0221505,138.86376
984.0649602413177,35.022150333333336,138.86376
984.6639878749847,35.022150333333336,138.86376016666668
985.2647302150726,35.022150333333336,138.86376
985.86492395401,35.02215016666667,138.86376
986.4652063846588,35.022150333333336,138.86376016666668
987.0651745796204,35.022150333333336,138.86376
987.6656804084778,35.022150333333336,138.86376033333335
988.2660887241364,35.022150333333336,138.86376016666668
988.8662745952606,35.022150333333336,138.86376033333335
989.4669165611267,35.0221505,138.86376
990.066793680191,35.022150333333336,138.86376
990.6973400115967,35.0221505,138.86376
991.2672328948975,35.022150333333336,138.86375966666668
991.8676590919495,35.022150333333336,138.86375983333335
992.4680678844452,35.0221505,138.86375983333335
993.0681045055389,35.0221505,138.86375966666668
993.6686449050903,35.0221505,138.86375983333335
994.2689075469971,35.0221505,138.86375966666668
994.8692190647125,35.0221505,138.86375983333335
995.469494342804,35.0221505,138.86375983333335
996.0699381828308,35.0221505,138.86375966666668
996.6701920032501,35.0221505,138.86375966666668
997.2706348896027,35.0221505,138.86375966666668
997.870683670044,35.0221505,138.86375933333332
998.470850944519,35.0221505,138.86375933333332
999.0714733600616,35.0221505,138.86375916666665
999.6714673042297,35.0221505,138.86375866666666
1000.2719767093658,35.02215066666667,138.86375866666666
1000.8721973896027,35.02215066666667,138.8637585
1001.4725048542023,35.02215066666667,138.86375866666666
1002.0731008052826,35.022150833333335,138.86375833333332
1002.6737928390503,35.022151,138.8637585
1003.2736155986786,35.02215116666667,138.86375816666666
1003.873865365982,35.02215116666667,138.86375833333332
1004.4745020866394,35.02215116666667,138.8637585
1005.0745985507965,35.02215133333333,138.86375833333332
1005.6747953891754,35.02215133333333,138.86375833333332
1006.2755601406097,35.02215133333333,138.86375833333332
1006.8752522468567,35.02215133333333,138.86375833333332
1007.4756062030792,35.0221515,138.86375833333332
1008.0764696598053,35.0221515,138.8637585
1008.6766231060028,35.022151666666666,138.8637585
1009.2976906299591,35.02215183333333,138.86375833333332
1009.8769609928131,35.02215183333333,138.86375833333332
1010.4773411750793,35.022152,138.86375883333332
1011.077837228775,35.022152,138.86375866666666
1011.6777930259705,35.022152166666665,138.86375866666666
1012.2782711982727,35.02215233333333,138.86375866666666
1012.8790531158447,35.0221525,138.86375883333332
1013.4788613319397,35.02215266666666,138.86375883333332
1014.0791327953339,35.02215266666666,138.863759
1014.6797754764557,35.022153,138.86375866666666
1015.2797386646271,35.02215283333334,138.86375883333332
1015.8798909187317,35.022153,138.86375866666666
1016.4797794818878,35.02215316666667,138.86375866666666
1017.0814063549042,35.02215316666667,138.86375866666666
1017.6811656951904,35.0221535,138.8637585
1018.2812504768372,35.02215366666667,138.86375866666666
1018.8828206062317,35.022153833333334,138.8637585
1019.4814388751984,35.022154,138.86375866666666
1020.0815422534943,35.022154,138.86375883333332
1020.6821224689484,35.02215416666667,138.863759
1021.282454252243,35.0221545,138.86375883333332
1021.8826355934143,35.0221545,138.86375883333332
1022.4829273223877,35.0221545,138.863759
1023.0840809345245,35.022154666666665,138.86375866666666
1023.6849985122681,35.0221545,138.863759
1024.2837748527527,35.022154666666665,138.86375883333332
1024.8849909305573,35.022154666666665,138.86375866666666
1025.4844601154327,35.02215483333333,138.86375883333332
1026.0843470096588,35.02215483333333,138.8637585
1026.684762954712,35.022155,138.86375866666666
1027.2851481437683,35.02215483333333,138.8637585
1027.8872120380402,35.02215483333333,138.86375833333332
1028.4865555763245,35.02215483333333,138.86375833333332
1029.0862691402435,35.02215483333333,138.86375833333332
1029.687165260315,35.022155166666664,138.86375816666666
1030.2871162891388,35.022155166666664,138.863758
1030.8870227336884,35.022155166666664,138.86375783333332
1031.4872980117798,35.0221555,138.8637575
1032.0878341197968,35.02215566666667,138.86375766666666
1032.6878333091736,35.022155833333336,138.86375783333332
1033.2883913516998,35.022156,138.86375816666666
1033.8885307312012,35.022156333333335,138.86375816666666
1034.4889698028564,35.02215666666667,138.86375866666666
1035.088921546936,35.022156833333334,138.86375883333332
1035.6898653507233,35.022157,138.86375883333332
1036.4344539642334,35.02215733333333,138.86375916666665
1036.8896670341492,35.0221575,138.86375916666665
1037.4905173778534,35.02215783333333,138.86375966666668
1038.0912117958069,35.022158166666664,138.86376
1038.690899848938,35.02215833333333,138.86376016666668
1039.2910516262054,35.02215866666667,138.8637605
1039.8911254405975,35.022159,138.86376066666668
1040.4918277263641,35.022159333333335,138.86376083333334
1041.0917344093323,35.0221595,138.86376116666668
1041.692373752594,35.02215966666667,138.86376166666668
1042.292727947235,35.02216,138.86376166666668
1042.892745256424,35.02216,138.863762
1043.4931087493896,35.02216033333333,138.86376216666667
1044.093252658844,35.022160666666664,138.86376233333334
1044.694184064865,35.02216083333333,138.86376283333334
1045.2940537929535,35.022161,138.86376283333334
1045.894291639328,35.02216116666666,138.863763
1046.494549036026,35.02216133333334,138.86376316666667
1047.0945394039154,35.0221615,138.86376333333334
1047.6951491832733,35.02216166666667,138.8637635
1048.2957048416138,35.022162,138.86376383333334
1048.895586490631,35.022162,138.86376383333334
1049.496119260788,35.022162,138.863764
1050.0965011119843,35.022162333333334,138.86376383333334
1050.6967415809631,35.0221625,138.86376383333334
1051.297349691391,35.02216266666667,138.863764
1051.8971650600433,35.02216283333333,138.86376433333334
1052.4976358413696,35.02216283333333,138.86376416666667
1053.0979475975037,35.022163,138.86376433333334
1053.6979262828827,35.02216333333333,138.86376466666667
1054.2993562221527,35.0221635,138.8637645
1054.8992812633514,35.02216333333333,138.8637645
1055.4989004135132,35.022163666666664,138.86376466666667
1056.099530696869,35.02216416666667,138.86376483333333
1056.7009987831116,35.02216416666667,138.86376483333333
1057.2995767593384,35.02216466666667,138.863765
1057.900916814804,35.022164833333335,138.863765
1058.5004668235779,35.022164833333335,138.86376516666667
1059.1011426448822,35.02216516666667,138.8637655
1059.7010815143585,35.022165333333334,138.8637655
1060.3014843463898,35.022165333333334,138.86376566666667
1060.9014897346497,35.022165666666666,138.86376583333333
1061.5017120838165,35.02216583333333,138.863766
1062.1018500328064,35.022166166666665,138.86376616666666
1062.7024459838867,35.022166166666665,138.86376616666666
1063.3029005527496,35.022166666666664,138.86376633333333
1063.9042172431946,35.02216683333333,138.86376633333333
1064.5036962032318,35.02216716666667,138.86376633333333
1065.1034162044525,35.0221675,138.86376616666666
1065.7042665481567,35.022168,138.86376616666666
1066.304368019104,35.022168666666666,138.86376616666666
1066.9044239521027,35.022169166666664,138.86376616666666
1067.5052211284637,35.0221695,138.86376633333333
1068.1048300266266,35.02217,138.86376633333333
1068.7056019306183,35.022170333333335,138.86376633333333
1069.3061528205872,35.02217066666667,138.86376633333333
1069.9062893390656,35.022171,138.8637665
1070.506463766098,35.02217133333333,138.86376666666666
1071.1069164276123,35.02217183333333,138.86376666666666
1071.706957101822,35.022172,138.8637665
1072.3096220493317,35.02217266666667,138.86376666666666
1072.9091265201569,35.022172833333336,138.86376666666666
1073.5092499256134,35.02217316666667,138.86376633333333
1074.1131117343903,35.022173333333335,138.86376616666666
1074.7102327346802,35.02217383333333,138.863766
1075.3101687431335,35.022174166666666,138.863766
1075.9107720851898,35.0221745,138.863766
1076.512356042862,35.022174666666665,138.863766
1077.1112260818481,35.02217483333333,138.863766
1077.7125673294067,35.02217516666666,138.86376583333333
1078.3122341632843,35.02217533333334,138.863766
1078.9119474887848,35.02217566666667,138.86376583333333
1079.512463569641,35.022176,138.86376583333333
1080.1124215126038,35.022176,138.863766
1080.7130093574524,35.02217616666667,138.863766
1081.3128662109375,35.022176333333334,138.86376583333333
1081.915075302124,35.02217616666667,138.8637655
1082.5149505138397,35.02217666666667,138.8637655
1083.113850593567,35.02217683333333,138.86376566666667
1083.7145051956177,35.022177166666665,138.86376566666667
1084.314695596695,35.0221775,138.86376583333333
1084.9148545265198,35.022177666666664,138.86376583333333
1085.5155744552612,35.02217783333333,138.86376583333333
1086.1158792972565,35.02217816666667,138.86376566666667
1086.7155714035034,35.0221785,138.86376583333333
1087.3158149719238,35.02217866666667,138.86376583333333
1087.9163579940796,35.022179,138.86376566666667
1088.5164077281952,35.0221795,138.86376583333333
1089.1168150901794,35.022179666666666,138.86376583333333
1089.7169451713562,35.02218,138.86376583333333
1090.3174645900726,35.0221805,138.86376566666667
1090.9177379608154,35.022180666666664,138.86376566666667
1091.5180358886719,35.02218116666667,138.8637655
1092.1183795928955,35.022181333333336,138.86376533333333
1092.7181987762451,35.02218166666667,138.86376533333333
1093.3187658786774,35.022182,138.863765
1093.9191205501556,35.02218233333333,138.863765
1094.5208308696747,35.0221825,138.86376483333333
1095.1193447113037,35.02218283333333,138.86376483333333
1095.720064163208,35.02218283333333,138.8637645
1096.3199751377106,35.022183166666665,138.86376466666667
1096.9204246997833,35.02218333333333,138.8637645
1097.5210599899292,35.0221835,138.86376433333334
1098.121238708496,35.02218383333334,138.86376433333334
1098.7217774391174,35.022184,138.86376433333334
1099.4353332519531,35.02218416666667,138.86376416666667
1099.9225981235504,35.022184333333335,138.863764
1100.626882314682,35.02218466666667,138.863764
1101.1226496696472,35.02218466666667,138.863764
1101.7228190898895,35.022185,138.863764
1102.3232045173645,35.02218516666667,138.86376366666667
1102.9246051311493,35.02218516666667,138.86376366666667
1103.5237681865692,35.0221855,138.86376333333334
1104.124480009079,35.02218583333333,138.86376333333334
1104.7244737148285,35.022186,138.86376316666667
1105.3250102996826,35.02218633333333,138.86376316666667
1105.9253466129303,35.02218633333333,138.863763
1106.525502204895,35.02218666666667,138.863763
1107.1260869503021,35.022187,138.863763
1107.7261352539062,35.02218716666667,138.86376283333334
1108.3266949653625,35.0221875,138.86376266666667
1108.926919221878,35.022187833333334,138.8637625
1109.5274169445038,35.022188,138.8637625
1110.1270682811737,35.022188166666666,138.86376233333334
1110.7285132408142,35.022188666666665,138.86376233333334
1111.3279030323029,35.02218883333333,138.86376233333334
1111.9305355548859,35.022189,138.86376233333334
1112.5286617279053,35.02218933333333,138.86376216666667
1113.1290276050568,35.0221895,138.86376216666667
1113.7286744117737,35.022189833333336,138.86376216666667
1114.329272031784,35.02219016666667,138.863762
1114.9299573898315,35.022190333333334,138.86376183333334
1115.5298810005188,35.02219066666667,138.86376166666668
1116.1300110816956,35.02219083333333,138.8637615
1116.7306940555573,35.022191166666666,138.86376133333334
1117.3307721614838,35.0221915,138.86376116666668
1117.9310131072998,35.022191666666664,138.86376116666668
1118.5311415195465,35.02219216666666,138.86376083333334
1119.1321263313293,35.02219233333334,138.86376083333334
1119.7321207523346,35.02219266666667,138.86376066666668
1120.3323457241058,35.022192833333335,138.8637605
1120.932767868042,35.022193,138.8637605
1121.5331499576569,35.022193333333334,138.86376033333335
1122.1329305171967,35.0221935,138.86376033333335
1122.733567237854,35.02219383333333,138.86376016666668
1123.3339266777039,35.022194,138.86376016666668
1123.9343807697296,35.02219433333333,138.86376
1124.564777135849,35.0221945,138.86375966666668
1125.1363623142242,35.02219483333333,138.86375966666668
1125.7364537715912,35.02219516666667,138.86375983333335
1126.3368155956268,35.02219516666667,138.8637595
1126.937159538269,35.02219566666667,138.86375933333332
1127.537529706955,35.022195833333335,138.86375916666665
1128.1373007297516,35.022196,138.86375916666665
1128.7467246055603,35.02219633333333,138.86375883333332
1129.3382456302643,35.0221965,138.86375883333332
1129.9397892951965,35.02219683333333,138.8637585
1130.5395317077637,35.022197166666665,138.86375833333332
1131.362690448761,35.02219766666666,138.86375816666666
1131.739310503006,35.022198,138.86375833333332
1132.3397126197815,35.022198333333336,138.86375816666666
1132.9399764537811,35.02219866666667,138.86375816666666
1133.540046930313,35.02219916666667,138.86375766666666
1134.1407759189606,35.0221995,138.86375783333332
1134.7406976222992,35.02219983333333,138.86375766666666
1135.3410487174988,35.022200166666664,138.86375733333333
1135.9412553310394,35.0222005,138.86375716666666
1136.5426125526428,35.022200833333336,138.86375683333333
1137.141634464264,35.02220116666667,138.86375666666666
1137.7426500320435,35.0222015,138.86375683333333
1138.34281539917,35.022201833333334,138.86375683333333
1138.9426670074463,35.022202,138.86375666666666
1139.5428926944733,35.0222025,138.8637565
1140.143446445465,35.02220283333333,138.86375616666666
1140.743186712265,35.02220333333333,138.86375633333333
1141.3438827991486,35.0222035,138.863756
1141.9444580078125,35.022203833333336,138.86375583333333
1142.5445206165314,35.022204333333335,138.8637555
1143.1446311473846,35.02220466666667,138.86375533333333
1143.744999408722,35.022205166666666,138.86375533333333
1144.3481023311615,35.0222055,138.863755
1144.9462673664093,35.022205666666665,138.863755
1145.5459043979645,35.02220633333334,138.86375483333333
1146.1458823680878,35.02220666666667,138.86375466666667
1146.7482669353485,35.022207,138.86375483333333
1147.3468198776245,35.0222075,138.86375483333333
1147.946944475174,35.02220766666667,138.86375483333333
1148.5471794605255,35.022208166666665,138.86375466666667
1149.1657664775848,35.0222085,138.8637545
1149.7478103637695,35.02220883333333,138.8637545
1150.347980260849,35.022209,138.8637545
1150.9485251903534,35.02220916666667,138.8637545
1151.5489275455475,35.0222095,138.86375416666667
1152.148755788803,35.0222095,138.86375416666667
1152.7501521110535,35.022209833333335,138.86375416666667
1153.349555015564,35.02221,138.863754
1153.9498896598816,35.02221016666667,138.863754
1154.549899339676,35.022210333333334,138.86375383333333
1155.150122642517,35.0222105,138.863754
1155.7513720989227,35.022210666666666,138.863754
1156.3538236618042,35.022211166666665,138.863754
1156.9515719413757,35.022211166666665,138.86375383333333
1157.5523309707642,35.0222115,138.86375383333333
1158.1519684791565,35.02221183333333,138.86375383333333
1158.7526149749756,35.02221183333333,138.86375366666667
1159.3525559902191,35.022212,138.8637535
1159.9527640342712,35.022212333333336,138.86375333333334
1160.5567278862,35.0222125,138.86375316666667
1161.1533482074738,35.0222125,138.86375283333334
1161.7536799907684,35.022212833333334,138.86375283333334
1162.5155346393585,35.02221333333333,138.86375316666667
1162.9542462825775,35.02221333333333,138.86375283333334
1163.5542378425598,35.022213666666666,138.86375266666667
1164.1576833724976,35.02221383333333,138.86375283333334
1164.7650971412659,35.022215,138.86375483333333
1165.369014263153,35.022214,138.8637535
1165.9583253860474,35.02221433333333,138.863753
1166.5723013877869,35.022215333333335,138.86375433333333
1167.1611368656158,35.022215833333334,138.86375483333333
1167.7624909877777,35.0222145,138.863753
1168.3606564998627,35.02221483333334,138.863753
1168.9624283313751,35.02221516666667,138.86375333333334
1169.560029745102,35.02221516666667,138.863753
1170.1603529453278,35.022215333333335,138.8637525
1170.760812997818,35.02221566666667,138.86375266666667
1171.3620195388794,35.022216,138.86375283333334
1171.9611523151398,35.02221616666667,138.86375233333334
1172.5608541965485,35.02221633333333,138.86375233333334
1173.1616597175598,35.022216666666665,138.86375233333334
1173.762152671814,35.02221683333333,138.8637525
1174.362014055252,35.022217166666664,138.86375216666667
1174.9625024795532,35.02221733333333,138.863752
1175.5638298988342,35.02221766666667,138.863752
1176.1631078720093,35.022217833333336,138.86375233333334
1176.7632727622986,35.022218,138.86375166666667
1177.365541934967,35.02221816666667,138.86375183333334
1177.9635496139526,35.02221866666667,138.86375216666667
1178.564272403717,35.02221883333333,138.86375216666667
1179.1650092601776,35.022219,138.86375183333334
1179.7649874687195,35.022219166666666,138.86375166666667
1180.3656101226807,35.022219666666665,138.86375166666667
1180.9654722213745,35.022219666666665,138.8637515
1181.5662088394165,35.02222,138.86375083333334
1182.1662640571594,35.02222016666666,138.86375116666667
1182.7667269706726,35.02222033333334,138.863751
1183.3821103572845,35.02222066666667,138.86375083333334
1183.9710755348206,35.022220833333336,138.8637505
1184.5669810771942,35.02222116666667,138.8637505
1185.1677548885345,35.022221333333334,138.86375066666668
1185.7679135799408,35.0222215,138.86375016666668
1186.3680040836334,35.02222183333333,138.86375016666668
1186.9682099819183,35.022222166666666,138.86375
1187.5690956115723,35.02222233333333,138.86375
1188.1690211296082,35.022222666666664,138.86374966666668
1188.7694387435913,35.022223,138.86374983333334
1189.3701252937317,35.0222235,138.86374983333334
1189.9694306850433,35.0222235,138.8637495
1190.5697388648987,35.022223833333335,138.86374933333335
1191.1708211898804,35.022224333333334,138.8637495
1191.7706735134125,35.022224666666666,138.86374966666668
1192.3713150024414,35.022225,138.86374933333335
1192.9714634418488,35.022225166666665,138.86374916666668
1193.5743086338043,35.02222583333333,138.8637495
1194.1719298362732,35.02222616666667,138.86374933333335
1194.771816253662,35.022226333333336,138.86374933333335
1195.3725945949554,35.022226833333335,138.8637495
1195.9725031852722,35.02222733333333,138.86374966666668
1196.5730521678925,35.02222733333333,138.86374966666668
1197.1733407974243,35.02222783333333,138.8637495
1197.7743949890137,35.022228166666665,138.86375
1198.3980960845947,35.0222295,138.86375116666667
1198.9810757637024,35.02222883333334,138.86375033333334
1199.575791835785,35.022229333333335,138.86375066666668
1200.1757106781006,35.022229833333334,138.86375083333334
1200.7765851020813,35.02223,138.86375066666668
1201.3766963481903,35.0222305,138.86375066666668
1201.9768476486206,35.022231166666664,138.863751
1202.577078819275,35.0222315,138.86375083333334
1203.177686214447,35.02223166666667,138.86375083333334
1203.77862906456,35.022232,138.86375066666668
1204.3787069320679,35.022232333333335,138.863751
1204.978509902954,35.0222325,138.86375083333334
1205.5797209739685,35.022233,138.86375083333334
1206.179120540619,35.02223333333333,138.863751
1206.7807919979095,35.02223383333333,138.86375066666668
1207.3802452087402,35.022234,138.8637505
1207.9798607826233,35.02223466666667,138.86375083333334
1208.5804650783539,35.02223466666667,138.86375083333334
1209.180501461029,35.022235,138.86375066666668
1209.7816650867462,35.0222355,138.86375066666668
1210.3820254802704,35.02223566666667,138.863751
1210.9820778369904,35.02223583333333,138.863751
1211.581873178482,35.022236166666666,138.86375066666668
1212.1818807125092,35.022236666666664,138.86375083333334
1212.782291650772,35.02223683333333,138.863751
1213.3828587532043,35.022237,138.86375083333334
1213.9828069210052,35.0222375,138.86375083333334
1214.5826208591461,35.022237833333335,138.86375083333334
1215.1829726696014,35.022238,138.86375083333334
1215.7839615345001,35.0222385,138.86375066666668
1216.384731054306,35.022239,138.86375083333334
1216.9842791557312,35.022239166666665,138.86375066666668
1217.584639787674,35.02223933333333,138.863751
1218.1846296787262,35.022239666666664,138.863751
1218.7858476638794,35.02224,138.863751
1219.3941946029663,35.02224016666667,138.86375116666667
1219.9858572483063,35.0222405,138.863751
1220.5862867832184,35.0222405,138.86375133333334
1221.186508178711,35.022240833333335,138.86375116666667
1221.7900087833405,35.022240833333335,138.863751
1222.3872964382172,35.022241333333334,138.86375116666667
1222.9869391918182,35.022241333333334,138.863751
1223.5876157283783,35.0222415,138.863751
1224.1878690719604,35.02224183333333,138.863751
1224.7883191108704,35.022242,138.863751
1225.3885669708252,35.022242166666665,138.863751
1225.990253686905,35.02224233333333,138.86375116666667
1226.5887653827667,35.0222425,138.863751
1227.1895806789398,35.02224266666666,138.86375083333334
1227.78946352005,35.022243,138.86375083333334
1228.390217781067,35.022243,138.86375066666668
1228.9902255535126,35.022243333333336,138.86375066666668
1229.5905854701996,35.0222435,138.86375066666668
1230.1910998821259,35.02224366666667,138.86375066666668
1230.7907860279083,35.022243833333334,138.86375083333334
1231.4190213680267,35.022244,138.86375083333334
1231.9921386241913,35.02224416666667,138.863751
1232.591607093811,35.022244,138.863751
1233.1922085285187,35.02224433333333,138.863751
1233.7921307086945,35.02224433333333,138.863751
1234.3924233913422,35.022244666666666,138.86375066666668
1234.992989063263,35.022244666666666,138.86375066666668
1235.5928235054016,35.022244666666666,138.86375033333334
1236.3365890979767,35.022244666666666,138.86375033333334
1236.793550491333,35.022245,138.86375
1237.3940434455872,35.022245,138.86374983333334
1237.9944200515747,35.02224533333333,138.86374983333334
1238.5943574905396,35.02224533333333,138.86374966666668
1239.1948645114899,35.0222455,138.8637495
1239.7952163219452,35.02224566666667,138.86374933333335
1240.3952903747559,35.02224566666667,138.86374933333335
1240.995834827423,35.022245833333336,138.86374916666668
1241.7875773906708,35.02224566666667,138.863749
1242.196832895279,35.02224566666667,138.863749
1242.7966225147247,35.022245833333336,138.86374866666668
1243.4076421260834,35.02224566666667,138.8637485
1243.9970536231995,35.022245833333336,138.86374833333332
1244.5980002880096,35.022246,138.8637485
1245.197726726532,35.02224616666667,138.86374833333332
1245.7987208366394,35.02224616666667,138.86374783333332
1246.4387049674988,35.022246333333335,138.8637475
1246.999014377594,35.0222465,138.8637475
1247.614646434784,35.02224666666667,138.8637475
1248.1992242336273,35.02224666666667,138.86374716666666
1248.800036430359,35.022246833333334,138.86374716666666
1249.3999962806702,35.022246833333334,138.86374683333332
1250.0006670951843,35.022246833333334,138.86374666666666
1250.805576324463,35.02224666666667,138.8637465
1251.2011749744415,35.022246833333334,138.8637465
1251.8013303279877,35.02224666666667,138.86374633333332
1252.4019935131073,35.02224666666667,138.86374616666666
1253.0021831989288,35.022246833333334,138.863746
1253.6025168895721,35.022246833333334,138.863746
1254.2027311325073,35.022246833333334,138.86374616666666
1254.8031136989594,35.022246833333334,138.86374583333333
1255.4038541316986,35.022246833333334,138.8637455
1256.0036084651947,35.022246833333334,138.8637455
1256.603996038437,35.022247,138.8637455
1257.2049074172974,35.022247,138.8637455
1257.8046283721924,35.022247,138.86374516666666
1258.404568195343,35.022246833333334,138.863745
1259.0053386688232,35.022246833333334,138.86374483333333
1259.6057183742523,35.022246833333334,138.86374483333333
1260.2061603069305,35.022246833333334,138.86374466666666
1260.8077428340912,35.022246833333334,138.8637445
1261.406319141388,35.022246833333334,138.86374433333333
1262.0070843696594,35.022246833333334,138.86374416666666
1262.608643770218,35.022247,138.863744
1263.2079095840454,35.022247,138.863744
1263.8085644245148,35.02224733333333,138.86374383333333
1264.409821510315,35.02224733333333,138.86374366666666
1265.0082504749298,35.02224733333333,138.8637435
1265.6089634895325,35.022247666666665,138.8637435
1266.209046125412,35.02224783333333,138.86374333333333
1266.8102762699127,35.02224783333333,138.86374316666667
1267.409874677658,35.022248,138.86374316666667
1268.0099086761475,35.02224783333333,138.863743
1268.6103625297546,35.022248,138.863743
1269.2108280658722,35.022248,138.86374283333333
1269.8112530708313,35.022248,138.86374266666667
1270.411277770996,35.022248166666664,138.86374266666667
1271.0113191604614,35.022248,138.8637425
1271.6114647388458,35.022248166666664,138.86374233333333
1272.2119863033295,35.022248,138.86374233333333
1272.8142404556274,35.022248,138.86374216666667
1273.412712097168,35.022248166666664,138.86374216666667
1274.0127153396606,35.022248,138.863742
1274.6129267215729,35.022248,138.86374183333334
1275.2136297225952,35.022248166666664,138.86374183333334
1275.8148727416992,35.022248166666664,138.8637415
1276.4139902591705,35.022248166666664,138.86374133333334
1277.0144600868225,35.02224833333333,138.8637415
1277.7891325950623,35.02224833333333,138.86374133333334
1278.2150406837463,35.02224833333333,138.86374116666667
1278.8166794776917,35.02224833333333,138.86374133333334
1279.436232328415,35.0222485,138.86374116666667
1280.0155065059662,35.02224833333333,138.86374116666667
1280.6161935329437,35.02224866666667,138.86374116666667
1281.2163803577423,35.0222485,138.86374116666667
1281.8178997039795,35.0222485,138.863741
1282.4169590473175,35.0222485,138.863741
1283.0170876979828,35.0222485,138.86374083333334
1283.6177861690521,35.02224866666667,138.863741
1284.2182936668396,35.02224866666667,138.863741
1284.8189570903778,35.02224866666667,138.86374066666667
1285.4181427955627,35.02224866666667,138.8637405
1286.018723487854,35.02224866666667,138.86374066666667
1286.6187953948975,35.02224866666667,138.86374066666667
1287.2197008132935,35.022248833333336,138.86374066666667
1287.8199779987335,35.02224866666667,138.8637405
1288.4197311401367,35.022248833333336,138.8637405
1289.0200827121735,35.022248833333336,138.8637405
1289.6208729743958,35.02224866666667,138.86374033333334
1290.221221446991,35.02224866666667,138.86374033333334
1290.8224339485168,35.0222485,138.86374033333334
1291.4383890628815,35.0222485,138.86374033333334
1292.0231606960297,35.02224833333333,138.86374
1292.622530221939,35.02224833333333,138.86374
1293.2235386371613,35.022248166666664,138.86374
1293.824134349823,35.022248,138.86373966666667
1294.4235587120056,35.02224783333333,138.8637395
1295.0238683223724,35.02224783333333,138.8637395
1295.624460697174,35.02224783333333,138.86373933333334
1296.2244551181793,35.022247666666665,138.8637395
1296.8256731033325,35.022247666666665,138.86373933333334
1297.4250264167786,35.0222475,138.86373933333334
1298.0247766971588,35.02224733333333,138.86373916666668
1298.6253106594086,35.02224733333333,138.86373933333334
1299.2256927490234,35.02224733333333,138.86373916666668
1299.826547384262,35.02224733333333,138.86373916666668
1300.426617383957,35.02224733333333,138.863739
1301.0265967845917,35.0222475,138.863739
1301.626796245575,35.0222475,138.86373916666668
1302.231120109558,35.02224966666667,138.86374183333334
1302.8330328464508,35.022249333333335,138.86374133333334
1303.4278182983398,35.0222495,138.86374116666667
1304.0278663635254,35.0222495,138.86374116666667
1304.6283264160156,35.02224966666667,138.86374116666667
1305.2457821369171,35.02224833333333,138.8637395
1305.88307929039,35.022250166666666,138.86374133333334
1306.4320385456085,35.02224983333333,138.86374083333334
1307.0315363407135,35.02224983333333,138.86374083333334
1307.6325335502625,35.02225,138.86374083333334
1308.2317912578583,35.02225,138.86374066666667
1308.8339657783508,35.02224983333333,138.86374033333334
1309.442482471466,35.022250166666666,138.86374016666667
1310.0333404541016,35.022250166666666,138.8637405
1310.6329636573792,35.022250166666666,138.8637405
1311.2337052822113,35.022250166666666,138.86374066666667
1311.834238767624,35.022250166666666,138.86374066666667
1312.4342410564423,35.022250166666666,138.863741
1313.0353651046753,35.0222505,138.86374166666667
1313.6373438835144,35.022250666666665,138.86374183333334
1314.234740972519,35.02225083333333,138.86374216666667
1314.8361115455627,35.02225083333333,138.86374233333333
1315.4415576457977,35.02225166666667,138.86374366666666
1316.0367283821106,35.022251833333335,138.86374383333333
1316.6366465091705,35.02225216666667,138.86374433333333
1317.2558870315552,35.022252333333334,138.86374466666666
1317.8376944065094,35.022252333333334,138.86374483333333
1318.4396276474,35.0222525,138.86374533333333
1319.0380289554596,35.0222525,138.863746
1319.6394474506378,35.0222525,138.86374633333332
1320.2402546405792,35.02225266666667,138.86374683333332
1320.8399686813354,35.02225283333333,138.86374716666666
1321.4402644634247,35.022253,138.86374766666665
1322.040646314621,35.022253,138.86374816666665
1322.6399750709534,35.022253166666665,138.86374866666668
1323.239819765091,35.022253166666665,138.86374933333335
1323.8405985832214,35.022253166666665,138.86374966666668
1324.4406440258026,35.02225333333333,138.86375
1325.0409760475159,35.02225333333333,138.86375066666668
1325.6410355567932,35.02225333333333,138.86375116666667
1326.2414615154266,35.0222535,138.8637515
1326.8434722423553,35.022253666666664,138.86375216666667
1327.446705341339,35.0222545,138.86375416666667
1328.0449061393738,35.0222545,138.8637545
1328.6428625583649,35.0222545,138.86375466666667
1329.2691957950592,35.0222545,138.86375533333333
1329.8453438282013,35.02225466666667,138.863756
1330.4455196857452,35.02225466666667,138.86375633333333
1331.044795513153,35.0222545,138.86375666666666
1331.6534044742584,35.022254,138.86375666666666
1332.2460391521454,35.022254,138.86375716666666
1332.8464515209198,35.022254,138.86375766666666
1333.4490549564362,35.022253666666664,138.86375766666666
1334.0485317707062,35.02225383333333,138.8637585
1334.6472251415253,35.02225383333333,138.863759
1335.2479724884033,35.02225383333333,138.86375933333332
1335.8488507270813,35.022254,138.86375966666668
1336.4511017799377,35.0222535,138.8637595
1337.058470249176,35.022254333333336,138.863761
1337.652107000351,35.02225383333333,138.8637605
1338.2510685920715,35.02225383333333,138.86376066666668
1338.8512284755707,35.02225383333333,138.86376116666668
1339.451495885849,35.022254,138.86376133333334
1340.0659680366516,35.022253166666665,138.863761
1340.651840686798,35.0222535,138.86376116666668
1341.252690076828,35.022253666666664,138.8637615
1341.8524928092957,35.022253666666664,138.86376183333334
1342.4587683677673,35.022254333333336,138.86376283333334
1343.053465604782,35.0222545,138.86376316666667
1343.6530184745789,35.02225466666667,138.8637635
1344.2544054985046,35.022254333333336,138.8637635
1344.853801727295,35.0222545,138.8637635
1345.4544470310211,35.0222545,138.86376366666667
1346.0550153255463,35.02225466666667,138.86376383333334
1346.6545822620392,35.02225466666667,138.863764
1347.255185842514,35.02225466666667,138.863764
1347.8551971912384,35.02225466666667,138.863764
1348.4561922550201,35.022254833333335,138.86376416666667
1349.0561876296997,35.02225466666667,138.8637645
1349.7907662391663,35.02225466666667,138.86376466666667
1350.2569606304169,35.02225466666667,138.86376466666667
1350.8570821285248,35.022254833333335,138.86376483333333
1351.4570984840393,35.022254833333335,138.86376483333333
1352.0582947731018,35.02225466666667,138.863765
1352.6575527191162,35.0222545,138.86376516666667
1353.266670703888,35.0222545,138.86376516666667
1353.8590557575226,35.0222545,138.86376516666667
1354.4583940505981,35.0222545,138.863765
1355.0589618682861,35.022254333333336,138.863765
1355.6592445373535,35.022254333333336,138.863765
1356.2633831501007,35.022252,138.8637625
1356.862941980362,35.022251833333335,138.86376233333334
1357.4603357315063,35.022251833333335,138.86376233333334
1358.0608038902283,35.022252,138.8637625
1358.6609778404236,35.022251833333335,138.8637625
1359.2611882686615,35.022251833333335,138.86376266666667
1359.861623287201,35.02225166666667,138.8637625
1360.4621398448944,35.02225166666667,138.86376266666667
1361.0621740818024,35.02225166666667,138.86376266666667
1361.662369966507,35.02225166666667,138.86376283333334
1362.2626049518585,35.02225166666667,138.86376316666667
1362.8632588386536,35.022251833333335,138.86376316666667
1363.4630134105682,35.022251833333335,138.86376316666667
1364.0641329288483,35.022251833333335,138.86376316666667
1364.664082288742,35.022251833333335,138.86376316666667
1365.2683267593384,35.022251833333335,138.8637635
1365.86488199234,35.022251833333335,138.8637635
1366.4655611515045,35.022251833333335,138.8637635
1367.0648682117462,35.022251833333335,138.86376333333334
1367.6652717590332,35.022251833333335,138.86376366666667
1368.2660584449768,35.022251833333335,138.86376383333334
1368.8658735752106,35.022251833333335,138.863764
1369.465889930725,35.022251833333335,138.863764
1370.066775560379,35.02225166666667,138.86376383333334
1370.667198419571,35.02225166666667,138.86376416666667
1371.267192363739,35.022252,138.86376433333334
1371.8675515651703,35.022251833333335,138.86376416666667
1372.467872619629,35.022251833333335,138.86376416666667
1373.0678036212921,35.022252,138.86376416666667
1373.6682856082916,35.02225216666667,138.86376433333334
1374.2682917118073,35.02225216666667,138.86376466666667
1374.868705034256,35.02225216666667,138.86376483333333
1375.4687135219574,35.02225216666667,138.86376483333333
1376.0692839622498,35.02225216666667,138.863765
1376.669394493103,35.02225216666667,138.86376533333333
1377.269880771637,35.02225216666667,138.8637655
1377.8709046840668,35.02225216666667,138.8637655
1378.4703841209412,35.022252333333334,138.86376583333333
1379.0707318782806,35.022252333333334,138.86376583333333
1379.6713044643402,35.022252333333334,138.863766
1380.2715516090393,35.0222525,138.86376616666666
1380.8717029094696,35.0222525,138.863766
1381.4719235897064,35.0222525,138.86376633333333
1382.0727365016937,35.02225266666667,138.86376666666666
1382.6732037067413,35.02225283333333,138.86376683333333
1383.2727658748627,35.022253,138.86376716666666
1383.8734345436096,35.022253,138.86376733333333
1384.4730563163757,35.022253166666665,138.86376766666666
1385.0741069316864,35.022253166666665,138.86376783333333
1385.6745100021362,35.02225333333333,138.86376816666666
1386.2748520374298,35.02225333333333,138.86376833333333
1386.88103890419,35.02225333333333,138.8637685
1387.4750318527222,35.0222535,138.86376866666666
1388.0752439498901,35.022253666666664,138.86376883333332
1388.6755020618439,35.022253666666664,138.86376916666666
1389.2756142616272,35.022253666666664,138.86376916666666
1389.8762547969818,35.02225383333333,138.86376933333332
1390.4766132831573,35.02225383333333,138.8637695
1391.0765862464905,35.02225383333333,138.8637695
1391.6767127513885,35.02225383333333,138.86376966666666
1392.277221918106,35.02225383333333,138.86376983333332
1392.877427816391,35.02225383333333,138.86377
1393.4777505397797,35.022254,138.86377
1394.078468799591,35.02225383333333,138.86377
1394.6785264015198,35.022254,138.86377033333332
1395.2791397571564,35.02225416666667,138.8637705
1395.879099369049,35.02225383333333,138.86377066666665
1396.4791660308838,35.022254,138.86377083333332
1397.079770565033,35.022254,138.86377083333332
1397.679848432541,35.022254,138.863771
1398.2810781002045,35.022254,138.86377116666668
1398.8804001808167,35.02225383333333,138.86377116666668
1399.4808995723724,35.022254,138.86377116666668
1400.0811214447021,35.022253666666664,138.86377116666668
1400.6811809539795,35.022253666666664,138.86377133333335
1401.2818448543549,35.02225383333333,138.8637715
1401.8820786476135,35.02225383333333,138.8637715
1402.4825057983398,35.022253666666664,138.86377133333335
1403.083577156067,35.0222535,138.8637715
1403.68297457695,35.0222535,138.86377133333335
1404.2849650382996,35.0222535,138.8637715
1404.8836953639984,35.02225333333333,138.8637715
1405.4879734516144,35.02225283333333,138.86377066666665
1406.0879566669464,35.022253166666665,138.863771
1406.685659646988,35.022253166666665,138.86377083333332
1407.2992057800293,35.022253,138.863771
1407.8847091197968,35.022253,138.863771
1408.4855184555054,35.02225283333333,138.86377083333332
1409.0852937698364,35.02225283333333,138.86377066666665
1409.6852979660034,35.022253,138.86377083333332
1410.2860674858093,35.022253,138.86377066666665
1410.8865163326263,35.022253,138.8637705
1411.4867572784424,35.022253,138.8637705
1412.0866718292236,35.022253,138.86377033333332
1412.6870501041412,35.022253,138.86377016666665
1413.287435054779,35.022253166666665,138.86377033333332
1413.8882319927216,35.02225283333333,138.86377016666665
1414.4879219532013,35.02225283333333,138.86377016666665
1415.0890300273895,35.0222525,138.86377
1415.6888749599457,35.0222525,138.86377
1416.2885682582855,35.0222525,138.86377
1416.8891806602478,35.0222525,138.86377
1417.489324092865,35.022252333333334,138.86377016666665
1418.089599609375,35.022252333333334,138.86377016666665
1418.6900660991669,35.02225216666667,138.86377
1419.291165113449,35.022252,138.86376983333332
1419.8967697620392,35.022251833333335,138.8637695
1420.492680311203,35.0222515,138.86376933333332
1421.0909326076508,35.0222515,138.86376916666666
1421.6933250427246,35.0222515,138.86376916666666
1422.2915675640106,35.02225133333334,138.86376916666666
1422.8919501304626,35.02225133333334,138.86376916666666
1423.4927651882172,35.0222515,138.86376933333332
1424.092141866684,35.0222515,138.86376916666666
1424.6931762695312,35.0222515,138.86376916666666
1425.2929656505585,35.0222515,138.86376916666666
1425.8933987617493,35.02225133333334,138.86376933333332
1426.4941470623016,35.02225116666666,138.86376916666666
1427.110854625702,35.02225083333333,138.86376916666666
1427.694174528122,35.022250666666665,138.86376883333332
1428.3014750480652,35.022250666666665,138.863769
1428.8954854011536,35.02225083333333,138.86376916666666
1429.5040304660797,35.022250666666665,138.863769
1430.0975449085236,35.022250666666665,138.863769
1430.6973643302917,35.02225083333333,138.863769
1431.2974486351013,35.02225083333333,138.863769
1431.897536277771,35.022250666666665,138.86376883333332
1432.50283908844,35.02225033333333,138.863769
1433.1025063991547,35.022250166666666,138.86376883333332
1433.699021577835,35.02225,138.8637685
1434.298795223236,35.02224983333333,138.8637685
1434.8995506763458,35.02224966666667,138.86376866666666
1435.4992814064026,35.0222495,138.86376866666666
1436.1010785102844,35.02224916666667,138.8637685
1436.6998827457428,35.022249,138.86376833333333
1437.3015611171722,35.022249,138.86376833333333
1437.9005634784698,35.022249,138.8637685
1438.5009009838104,35.02224916666667,138.8637685
1439.1007778644562,35.022249,138.86376866666666
1439.7027986049652,35.022249,138.8637685
1440.3029613494873,35.022249,138.86376866666666
1440.9785664081573,35.022249,138.86376866666666
1441.5048625469208,35.022249,138.863769
1442.1046767234802,35.022249,138.863769
1442.7050514221191,35.022249,138.86376916666666
1443.3045165538788,35.02224916666667,138.86376916666666
1443.9053559303284,35.02224916666667,138.86376933333332
1444.5046546459198,35.022249333333335,138.86376966666666
1445.1055719852448,35.0222495,138.86377
1445.7068102359772,35.0222495,138.86376983333332
1446.305891752243,35.0222495,138.86377
1446.9058077335358,35.02224966666667,138.86377033333332
1447.5064761638641,35.02224966666667,138.8637705
1448.1189534664154,35.02224983333333,138.86377083333332
1448.7072131633759,35.02224983333333,138.86377083333332
1449.3082478046417,35.02225,138.86377116666668
1449.9091563224792,35.02225,138.86377116666668
1450.509537935257,35.02225,138.8637715
1451.108847618103,35.02225,138.86377166666668
1451.7093482017517,35.02225,138.86377183333335
1452.30907869339,35.02225,138.863772
1452.9095392227173,35.022250166666666,138.86377216666668
1453.5100646018982,35.022250166666666,138.86377233333334
1454.1466746330261,35.022250166666666,138.86377266666668
1454.710664987564,35.022250166666666,138.86377266666668
1455.310702085495,35.022250166666666,138.86377266666668
1455.9126892089844,35.02225,138.86377283333334
1456.5121262073517,35.02224983333333,138.86377283333334
1457.1159958839417,35.02224983333333,138.863773
1457.7121894359589,35.02225,138.863773
1458.312421321869,35.02225,138.863773
1458.9126870632172,35.02225,138.86377333333334
1459.5129430294037,35.02225,138.86377333333334
1460.113289117813,35.02225,138.8637735
1460.7136471271515,35.02225,138.86377383333334
1461.3141198158264,35.02225,138.86377383333334
1461.913893699646,35.02225,138.86377383333334
1462.5145599842072,35.02225,138.863774
1463.1619205474854,35.02225,138.86377416666667
1463.7152690887451,35.02224983333333,138.86377433333334
1464.3152108192444,35.02224983333333,138.86377433333334
1464.9157629013062,35.02225,138.8637745
1465.515515089035,35.02225,138.86377466666667
1466.1158411502838,35.02224983333333,138.86377483333334
1466.7164883613586,35.02224983333333,138.86377483333334
1467.3167660236359,35.02225,138.863775
1467.9166312217712,35.02225,138.863775
1468.5172939300537,35.02224983333333,138.863775
1469.3655376434326,35.02224983333333,138.86377533333334
1469.7180857658386,35.02225,138.86377533333334
1470.318615436554,35.02224983333333,138.86377533333334
1470.9184460639954,35.02224983333333,138.86377516666667
1471.5193223953247,35.02225,138.86377533333334
1472.120796918869,35.02225,138.8637755
1472.7202880382538,35.02224983333333,138.86377533333334
1473.3222584724426,35.02224983333333,138.8637755
1473.9214346408844,35.02225,138.8637755
1474.5216488838196,35.02225,138.86377566666667
1475.1223073005676,35.02225,138.86377566666667
1475.7240810394287,35.02224983333333,138.86377583333334
1476.3399803638458,35.02225,138.863776
1476.926563501358,35.02224983333333,138.863776
1477.5269050598145,35.02224983333333,138.86377616666667
1478.1266129016876,35.02224983333333,138.86377633333333
1478.8813610076904,35.02224983333333,138.86377633333333
1479.3275527954102,35.02224983333333,138.86377633333333
1479.9279041290283,35.02224983333333,138.86377633333333
1480.5292932987213,35.02224983333333,138.86377633333333
1481.1310632228851,35.02224966666667,138.86377616666667
1481.7390472888947,35.02224983333333,138.8637765
1482.329495191574,35.02224966666667,138.8637765
1482.9297904968262,35.02224966666667,138.8637765
1483.5296380519867,35.0222495,138.8637765
1484.1300044059753,35.022249333333335,138.8637765
1484.730483531952,35.022249333333335,138.86377666666667
1485.3381218910217,35.022249333333335,138.86377633333333
1485.9413974285126,35.02224916666667,138.86377633333333
1486.5328171253204,35.022249,138.86377633333333
1487.136245727539,35.022248833333336,138.86377633333333
1487.7374448776245,35.02224866666667,138.8637765
1488.335443019867,35.02224866666667,138.8637765
1488.9358866214752,35.0222485,138.86377633333333
1489.536230802536,35.02224833333333,138.86377616666667
1490.1361827850342,35.0222485,138.86377633333333
1490.7369394302368,35.0222485,138.86377616666667
1491.3370683193207,35.02224833333333,138.86377616666667
1491.937622308731,35.02224833333333,138.863776
1492.5376453399658,35.02224833333333,138.86377566666667
1493.1414597034454,35.0222485,138.8637755
1493.7404370307922,35.02224866666667,138.8637755
1494.3639624118805,35.02224833333333,138.86377533333334
1494.943919658661,35.0222485,138.86377516666667
1495.5437207221985,35.02224866666667,138.86377516666667
1496.1448764801025,35.02224866666667,138.863775
1496.7442405223846,35.02224866666667,138.863775
1497.345731973648,35.022248833333336,138.86377483333334
1497.944941520691,35.022248833333336,138.86377466666667
1498.545325756073,35.022249,138.8637745
1499.14533162117,35.022249,138.86377433333334
1499.7456612586975,35.022249,138.86377416666667
1500.3466913700104,35.022249,138.863774
1500.9463763237,35.02224916666667,138.86377366666667
1501.547078371048,35.022249,138.86377366666667
1502.1521871089935,35.022248833333336,138.86377333333334
1502.7479491233826,35.022249,138.86377333333334
1503.3493263721466,35.022248833333336,138.86377316666668
1503.9478652477264,35.022248833333336,138.86377283333334
1504.5480670928955,35.022248833333336,138.86377266666668
1505.1483376026154,35.022248833333336,138.8637725
1505.748830318451,35.022248833333336,138.8637725
1506.3501381874084,35.022248833333336,138.86377233333334
1506.9490826129913,35.022248833333336,138.86377216666668
1507.550145149231,35.022249,138.86377216666668
1508.1496315002441,35.022249,138.86377216666668
1508.749678850174,35.022249,138.86377216666668
1509.350683927536,35.022249,138.86377216666668
1509.9506151676178,35.022249,138.86377216666668
1510.5507295131683,35.022249,138.86377216666668
1511.1508300304413,35.022248833333336,138.86377233333334
1511.7515513896942,35.02224866666667,138.86377216666668
1512.3520283699036,35.022248833333336,138.86377233333334
1512.9519329071045,35.022248833333336,138.86377233333334
1513.552350282669,35.022248833333336,138.8637725
1514.1544966697693,35.022248833333336,138.8637725
1514.7528457641602,35.02224866666667,138.86377266666668
1515.35325217247,35.02224866666667,138.86377266666668
1515.9542055130005,35.02224866666667,138.86377283333334
1516.5542962551117,35.02224866666667,138.86377283333334
1517.1555914878845,35.02224833333333,138.86377283333334
1517.754949092865,35.022248166666664,138.863773
1518.3552055358887,35.022248166666664,138.86377316666668
1518.9548103809357,35.022248,138.863773
1519.5575931072235,35.022248166666664,138.86377316666668
1520.156896829605,35.02224783333333,138.863773
1520.7567148208618,35.02224783333333,138.863773
1521.357233285904,35.02224783333333,138.86377283333334
1521.957312822342,35.022247666666665,138.86377283333334
1522.5581376552582,35.022247666666665,138.86377283333334
1523.1578600406647,35.02224783333333,138.86377283333334
1523.7580559253693,35.02224783333333,138.86377266666668
1524.3583664894104,35.02224783333333,138.86377283333334
1524.9586963653564,35.022248,138.86377283333334
1525.5586116313934,35.022248,138.86377283333334
1526.1640012264252,35.022248,138.86377266666668
1526.760629415512,35.022248,138.86377283333334
1527.361310005188,35.022248,138.86377283333334
1527.9614162445068,35.022248,138.86377283333334
1528.5617175102234,35.022248166666664,138.86377283333334
1529.161961555481,35.022248166666664,138.86377266666668
1529.7620949745178,35.022248166666664,138.86377266666668
1530.3624305725098,35.022248166666664,138.86377283333334
1530.9631943702698,35.022248,138.86377283333334
1531.564215183258,35.022248,138.86377283333334
1532.1631009578705,35.022248,138.86377266666668
1532.7642922401428,35.02224783333333,138.8637725
1533.3647451400757,35.022247666666665,138.86377266666668
1533.9643063545227,35.022247666666665,138.86377266666668
1534.5640642642975,35.0222475,138.86377266666668
1535.1649038791656,35.0222475,138.86377266666668
1535.7650399208069,35.0222475,138.86377283333334
1536.3653812408447,35.0222475,138.863773
1536.9653198719025,35.022247666666665,138.86377316666668
1537.566644191742,35.022247666666665,138.86377333333334
1538.1662118434906,35.022247666666665,138.86377333333334
1538.7673077583313,35.022247666666665,138.8637735
1539.3667056560516,35.02224783333333,138.8637735
1539.967092514038,35.02224783333333,138.86377366666667
1540.5674886703491,35.02224783333333,138.86377383333334
1541.1677441596985,35.02224783333333,138.86377383333334
1541.768023967743,35.022248,138.86377383333334
1542.368467092514,35.022248,138.863774
1542.9704270362854,35.022248,138.863774
1543.570279598236,35.022248,138.86377433333334
1544.1694223880768,35.022248166666664,138.86377433333334
1544.7695496082306,35.022248166666664,138.8637745
1545.3697957992554,35.022248166666664,138.86377466666667
1545.9703929424286,35.022248166666664,138.86377483333334
1546.5704123973846,35.02224833333333,138.86377483333334
1547.1707592010498,35.0222485,138.863775
1547.7709200382233,35.02224833333333,138.863775
1548.3714385032654,35.0222485,138.86377516666667
1548.9715538024902,35.0222485,138.86377533333334
1549.5716705322266,35.0222485,138.8637755
1550.1723356246948,35.0222485,138.8637755
1550.7722170352936,35.0222485,138.86377566666667
1551.3737936019897,35.02224866666667,138.863776
1551.9729025363922,35.02224866666667,138.863776
1552.572985649109,35.0222485,138.86377616666667
1553.1734495162964,35.0222485,138.86377633333333
1553.7738201618195,35.0222485,138.8637765
1554.3745164871216,35.02224833333333,138.86377666666667
1554.9766058921814,35.0222485,138.86377683333333
1555.5747275352478,35.0222485,138.863777
1556.1749711036682,35.02224833333333,138.863777
1556.77529835701,35.02224833333333,138.86377733333333
1557.3767626285553,35.02224833333333,138.86377733333333
1557.9815204143524,35.02224833333333,138.8637775
1558.576634645462,35.0222485,138.86377766666666
1559.1773109436035,35.02224833333333,138.86377766666666
1559.7769167423248,35.02224833333333,138.86377766666666
1560.3778171539307,35.022248166666664,138.86377766666666
1560.9775850772858,35.022248166666664,138.863778
1561.5804226398468,35.022248,138.86377783333333
1562.1781163215637,35.02224783333333,138.863778
1562.7903904914856,35.0222475,138.86377783333333
1563.3804168701172,35.0222475,138.86377783333333
1563.9812784194946,35.02224733333333,138.86377783333333
1564.5835728645325,35.022247166666666,138.86377783333333
1565.181874513626,35.022247,138.86377783333333
1565.7822341918945,35.022247,138.86377783333333
1566.3931691646576,35.022247166666666,138.863778
1566.9851112365723,35.022247,138.863778
1567.5847721099854,35.022247,138.863778
1568.1846313476562,35.022247,138.863778
1568.786687374115,35.022247,138.863778
1569.3858797550201,35.022246833333334,138.86377816666666
1569.9867625236511,35.022247,138.86377833333333
1570.5874238014221,35.022246833333334,138.8637785
1571.1863024234772,35.02224666666667,138.86377883333333
1571.7876226902008,35.02224666666667,138.86377883333333
1572.388726234436,35.022246833333334,138.86377916666666
1572.987517118454,35.022246833333334,138.86377933333333
1573.5885803699493,35.022246833333334,138.86377933333333
1574.1880853176117,35.02224666666667,138.8637795
1574.7893862724304,35.02224666666667,138.86377966666666
1575.388892173767,35.02224666666667,138.86377966666666
1575.988383769989,35.02224666666667,138.86377983333333
1576.5994155406952,35.0222465,138.86378016666666
1577.190416097641,35.02224666666667,138.86378033333332
1577.7906770706177,35.0222465,138.86378033333332
1578.392101764679,35.02224616666667,138.8637805
1578.9913969039917,35.022246,138.86378066666666
1579.5915467739105,35.022246,138.86378083333332
1580.1923072338104,35.022246,138.86378116666666
1580.7930839061737,35.022246,138.8637815
1581.3925030231476,35.022245833333336,138.8637815
1581.99276304245,35.02224566666667,138.86378183333332
1582.5940129756927,35.022245833333336,138.863782
1583.195130109787,35.02224566666667,138.86378216666665
1583.7940876483917,35.02224566666667,138.86378233333335
1584.3936650753021,35.0222455,138.8637825
1584.9937121868134,35.0222455,138.86378266666668
1585.6006441116333,35.0222455,138.863783
1586.194688796997,35.022245166666664,138.86378333333334
1586.795220375061,35.022245,138.8637835
1587.3954396247864,35.022245,138.86378383333334
1587.995674610138,35.022245,138.86378383333334
1588.595944404602,35.022245,138.863784
1589.1962594985962,35.022245,138.86378433333334
1589.7977571487427,35.02224483333333,138.8637845
1590.397971868515,35.02224483333333,138.86378466666667
1591.01864361763,35.02224483333333,138.86378483333334
1591.5975086688995,35.02224483333333,138.86378516666667
1592.1978878974915,35.02224483333333,138.86378533333334
1592.7980165481567,35.022244666666666,138.86378566666667
1593.3979921340942,35.02224483333333,138.86378583333334
1593.998743057251,35.02224483333333,138.86378583333334
1594.5986292362213,35.02224483333333,138.86378616666667
1595.199960231781,35.022244666666666,138.86378633333334
1595.8113689422607,35.0222445,138.86378666666667
1596.3995535373688,35.0222445,138.863787
1596.999942779541,35.0222445,138.863787
1597.6002235412598,35.0222445,138.86378716666667
1598.2005143165588,35.02224433333333,138.86378733333333
1598.800780057907,35.02224433333333,138.8637875
1599.401022195816,35.02224433333333,138.86378766666667
1600.001790523529,35.02224416666667,138.86378766666667
1600.6027817726135,35.02224416666667,138.86378783333333
1601.2030143737793,35.02224416666667,138.863788
1601.8033456802368,35.022244,138.86378816666667
1602.4035081863403,35.02224416666667,138.86378833333333
1603.014100074768,35.022244,138.8637885
1603.603949546814,35.022244,138.86378866666666
1604.205061674118,35.022244,138.86378883333333
1604.8045156002045,35.022244,138.863789
1605.4048473834991,35.022244,138.86378933333333
1606.0054275989532,35.022243833333334,138.8637895
1606.6046607494354,35.022243833333334,138.86378966666666
1607.2050178050995,35.022244,138.86378983333333
1607.8053483963013,35.022244,138.86379033333333
1608.405594110489,35.022243833333334,138.86379033333333
1609.006177186966,35.02224366666667,138.8637905
1609.6065011024475,35.02224366666667,138.86379083333333
1610.2063167095184,35.022243833333334,138.863791
1610.806875705719,35.0222435,138.86379116666666
1611.4082691669464,35.0222435,138.8637915
1612.0072858333588,35.022243333333336,138.8637915
1612.6080060005188,35.022243333333336,138.86379183333332
1613.2089862823486,35.022243333333336,138.863792
1613.8102116584778,35.02224316666667,138.86379216666666
1614.408685207367,35.022243,138.86379233333332
1615.009592294693,35.022243,138.8637925
1615.6093120574951,35.022243,138.86379266666665
1616.2103657722473,35.022243,138.86379283333332
1616.8110482692719,35.022243,138.863793
1617.4103078842163,35.02224283333334,138.86379316666665
1618.0115821361542,35.02224283333334,138.86379333333332
1618.6106185913086,35.022243,138.8637935
1619.2113382816315,35.02224283333334,138.8637935
1619.8120806217194,35.02224283333334,138.86379366666668
1620.411413192749,35.02224266666666,138.86379366666668
1621.0119333267212,35.0222425,138.86379383333335
1621.6117849349976,35.02224266666666,138.86379383333335
1622.2125360965729,35.02224266666666,138.86379383333335
1622.8125684261322,35.02224266666666,138.86379383333335
1623.413831949234,35.0222425,138.863794
1624.0163083076477,35.02224233333333,138.86379416666668
1624.614665031433,35.02224233333333,138.86379416666668
1625.2146241664886,35.02224233333333,138.86379416666668
1625.8144967556,35.02224233333333,138.86379433333335
1626.4152987003326,35.022242166666665,138.86379433333335
1627.0190947055817,35.022242,138.86379416666668
1627.615560054779,35.022242,138.86379416666668
1628.2173216342926,35.02224183333333,138.86379433333335
1628.8169312477112,35.02224183333333,138.86379433333335
1629.4170916080475,35.0222415,138.86379433333335
1630.0166809558868,35.0222415,138.86379433333335
1630.6171667575836,35.022241666666666,138.8637945
1631.2175045013428,35.022241666666666,138.86379433333335
1631.817578792572,35.02224183333333,138.86379433333335
1632.4176886081696,35.02224183333333,138.8637945
1633.0199513435364,35.02224183333333,138.8637945
1633.621809720993,35.022241666666666,138.86379466666668
1634.2200050354004,35.022241666666666,138.86379466666668
1634.8194394111633,35.022241666666666,138.86379466666668
1635.4191372394562,35.02224183333333,138.86379466666668
1636.019778728485,35.02224183333333,138.86379466666668
1636.6201152801514,35.02224183333333,138.86379466666668
1637.221529006958,35.02224183333333,138.86379466666668
1637.8206164836884,35.02224183333333,138.86379483333334
1638.423038482666,35.02224183333333,138.86379483333334
1639.033623456955,35.022242,138.863795
1639.623417377472,35.022242,138.863795
1640.221714258194,35.022242166666665,138.863795
1640.9027967453003,35.02224233333333,138.86379516666668
1641.4240491390228,35.0222425,138.86379533333334
1642.0236814022064,35.0222425,138.86379533333334
1642.6230709552765,35.02224266666666,138.86379533333334
1643.2256591320038,35.02224266666666,138.86379533333334
1643.8233890533447,35.02224266666666,138.8637955
1644.4338603019714,35.02224283333334,138.86379583333334
1645.0309484004974,35.0222425,138.8637955
1645.6290488243103,35.02224266666666,138.86379566666668
1646.2284734249115,35.02224266666666,138.86379566666668
1646.8285429477692,35.0222425,138.86379566666668
1647.4295070171356,35.02224266666666,138.86379583333334
1648.0291392803192,35.02224266666666,138.86379583333334
1648.6301038265228,35.02224266666666,138.86379583333334
1649.2297637462616,35.0222425,138.863796
1649.8297929763794,35.0222425,138.863796
1650.4307169914246,35.0222425,138.863796
1651.0306985378265,35.02224233333333,138.863796
1651.631247997284,35.022242166666665,138.863796
1652.2317667007446,35.02224183333333,138.863796
1652.8315873146057,35.022241666666666,138.863796
1653.4316465854645,35.0222415,138.863796
1654.0319442749023,35.0222415,138.863796
1654.6326014995575,35.02224116666667,138.863796
1655.2323451042175,35.02224116666667,138.863796
1655.8329963684082,35.02224116666667,138.86379616666667
1656.4337425231934,35.02224116666667,138.86379633333334
1657.0332379341125,35.022241,138.8637965
1657.637528181076,35.02224116666667,138.86379666666667
1658.2345452308655,35.022241,138.86379683333334
1658.8342978954315,35.022241,138.863797
1659.4347743988037,35.02224116666667,138.86379716666667
1660.034991979599,35.02224116666667,138.86379716666667
1660.6350696086884,35.022241,138.86379733333334
1661.2356567382812,35.022241,138.8637975
1661.8358240127563,35.022241,138.86379766666667
1662.436205625534,35.022240833333335,138.8637975
1663.036985874176,35.02224066666667,138.8637975
1663.637574672699,35.022240833333335,138.86379783333334
1664.2374033927917,35.02224066666667,138.86379816666667
1664.8369555473328,35.0222405,138.86379816666667
1665.4381177425385,35.022240333333336,138.86379833333334
1666.0378768444061,35.02224016666667,138.8637985
1666.6383225917816,35.02224016666667,138.86379866666667
1667.2382125854492,35.02224016666667,138.86379883333333
1667.838565826416,35.02224,138.86379883333333
1668.4391505718231,35.02224016666667,138.863799
1669.0398030281067,35.02224016666667,138.86379916666667
1669.639110326767,35.02224,138.86379933333333
1670.2396774291992,35.02224,138.8637995
1670.8400056362152,35.02223983333333,138.86379966666667
1671.4404492378235,35.02223983333333,138.86379983333333
1672.0404105186462,35.02224,138.8638
1672.6410751342773,35.02224,138.86380016666666
1673.2406425476074,35.02224,138.86380033333333
1673.8416600227356,35.02223983333333,138.8638005
1674.442093372345,35.022239666666664,138.86380066666666
1675.0416421890259,35.022239666666664,138.86380083333333
1675.6418550014496,35.0222395,138.863801
1676.242458820343,35.0222395,138.86380116666666
1676.8437912464142,35.022239666666664,138.86380133333333
1677.4429757595062,35.022239666666664,138.8638015
1678.064450263977,35.022239666666664,138.86380166666666
1678.6436483860016,35.022239666666664,138.86380183333333
1679.2443823814392,35.02223933333333,138.863802
1679.8452961444855,35.0222395,138.86380216666666
1680.4448890686035,35.0222395,138.86380233333333
1681.0450646877289,35.0222395,138.8638025
1681.645328760147,35.02223933333333,138.86380266666666
1682.2456164360046,35.022239166666665,138.86380266666666
1682.8688600063324,35.022239,138.86380266666666
1683.4464893341064,35.022239,138.86380283333332
1684.0466725826263,35.022239,138.863803
1684.6470012664795,35.02223883333333,138.86380316666666
1685.2486011981964,35.02223866666667,138.86380316666666
1685.8479025363922,35.0222385,138.86380316666666
1686.4531123638153,35.022238333333334,138.86380316666666
1687.0488665103912,35.02223816666667,138.86380333333332
1687.6486518383026,35.022238,138.8638035
1688.251937866211,35.022237833333335,138.8638035
1688.8501942157745,35.022237833333335,138.86380366666666
1689.4493453502655,35.022237833333335,138.86380383333332
1690.0495326519012,35.022237833333335,138.86380383333332
1690.6500766277313,35.02223766666667,138.863804
1691.2506802082062,35.0222375,138.86380416666665
1691.8655502796173,35.02223733333334,138.86380416666665
1692.451184272766,35.02223733333334,138.86380416666665
1693.0510594844818,35.02223733333334,138.86380433333332
1693.6513304710388,35.02223733333334,138.8638045
1694.2549264431,35.0222375,138.86380466666665
1694.8550746440887,35.02223733333334,138.86380466666665
1695.4539346694946,35.0222375,138.86380483333335
1696.0528001785278,35.0222375,138.863805
1696.6544137001038,35.0222375,138.86380533333335
1697.2568190097809,35.022237833333335,138.86380583333334
1697.8571531772614,35.02223766666667,138.86380566666668
1698.4548988342285,35.022237833333335,138.86380583333334
1699.0589258670807,35.02223766666667,138.86380566666668
1699.6602058410645,35.022237833333335,138.863806
1700.26007938385,35.02223766666667,138.863806
1700.8580911159515,35.0222375,138.863806
1701.46022772789,35.0222375,138.863806
1702.0600769519806,35.02223766666667,138.86380616666668
1702.6584947109222,35.02223766666667,138.86380616666668
1703.258639574051,35.0222375,138.86380633333334
1703.8796799182892,35.02223766666667,138.8638065
1704.4618980884552,35.0222375,138.8638065
1705.0610010623932,35.0222375,138.8638065
1705.6617212295532,35.02223766666667,138.86380666666668
1706.2620797157288,35.0222375,138.86380666666668
1706.8622477054596,35.02223733333334,138.86380666666668
1707.4629452228546,35.0222375,138.86380683333334
1708.0628259181976,35.02223733333334,138.86380683333334
1708.6632297039032,35.02223733333334,138.86380683333334
1709.2634994983673,35.02223733333334,138.863807
1709.8668839931488,35.0222375,138.863807
1710.4660806655884,35.02223766666667,138.863807
1711.0653538703918,35.02223766666667,138.86380716666667
1711.666724205017,35.022237833333335,138.86380716666667
1712.2661798000336,35.022237833333335,138.86380733333334
1712.8666615486145,35.022237833333335,138.86380766666667
1713.4671549797058,35.022237833333335,138.86380766666667
1714.0671725273132,35.022237833333335,138.86380766666667
1714.6673648357391,35.02223816666667,138.86380783333334
1715.2669985294342,35.02223816666667,138.863808
1715.8681390285492,35.02223816666667,138.86380816666667
1716.4688787460327,35.02223816666667,138.86380816666667
1717.0682969093323,35.022238333333334,138.86380833333334
1717.6684579849243,35.022238333333334,138.86380833333334
1718.269245147705,35.022238333333334,138.86380866666667
1718.8696327209473,35.0222385,138.8638085
1719.471072435379,35.022238333333334,138.8638085
1720.0699317455292,35.02223866666667,138.8638085
1720.6699559688568,35.02223883333333,138.8638085
1721.2705874443054,35.02223883333333,138.86380883333334
1721.878880739212,35.02223883333333,138.86380883333334
1722.4732835292816,35.02223883333333,138.86380883333334
1723.072788476944,35.022239166666665,138.86380883333334
1723.6733400821686,35.02223933333333,138.863809
1724.2737894058228,35.0222395,138.863809
1724.8736045360565,35.0222395,138.86380916666667
1725.4922404289246,35.022239666666664,138.86380916666667
1726.0742661952972,35.02224,138.86380933333334
1726.6782901287079,35.02223983333333,138.86380966666667
1727.278935432434,35.02224,138.86380966666667
1727.8752703666687,35.02224016666667,138.86380966666667
1728.4758098125458,35.022240333333336,138.8638095
1729.0786635875702,35.02224066666667,138.86380966666667
1729.6780700683594,35.02224066666667,138.86380983333333
1730.2799291610718,35.022240833333335,138.86381
1730.8790850639343,35.022241,138.86381016666667
1731.4786438941956,35.022241,138.86381016666667
1732.0783262252808,35.02224116666667,138.86381033333333
1732.6789486408234,35.0222415,138.8638105
1733.2789821624756,35.022241666666666,138.86381066666667
1733.8796136379242,35.02224183333333,138.8638105
1734.4796314239502,35.02224183333333,138.86381066666667
1735.080001592636,35.022242,138.86381066666667
1735.6806995868683,35.022242,138.86381083333333
1736.2828946113586,35.022242166666665,138.86381083333333
1736.8817646503448,35.022242166666665,138.86381083333333
1737.482014656067,35.02224233333333,138.86381083333333
1738.082900762558,35.02224233333333,138.86381066666667
1738.6830155849457,35.02224233333333,138.86381066666667
1739.2821238040924,35.0222425,138.86381083333333
1739.8828792572021,35.0222425,138.86381066666667
1740.483213186264,35.0222425,138.86381066666667
1741.0834765434265,35.0222425,138.8638105
1741.6838915348053,35.02224266666666,138.8638105
1742.2837755680084,35.022243,138.8638105
1742.8845319747925,35.022243,138.86381033333333
1743.4845550060272,35.022243,138.86381033333333
1744.0850937366486,35.022243,138.86381016666667
1744.6849145889282,35.022243333333336,138.86381016666667
1745.2857041358948,35.022243333333336,138.86381033333333
1746.011931180954,35.022243333333336,138.86381033333333
1746.4873452186584,35.02224316666667,138.86381033333333
1747.0865004062653,35.022243333333336,138.86381033333333
1747.686898469925,35.022243333333336,138.8638105
1748.2872416973114,35.02224316666667,138.8638105
1748.8880846500397,35.02224316666667,138.86381066666667
1749.4879653453827,35.022243333333336,138.8638105
1750.088464975357,35.022243333333336,138.8638105
1750.6879205703735,35.022243333333336,138.8638105
1751.288381576538,35.0222435,138.8638105
1751.888647556305,35.0222435,138.86381066666667
1752.4928631782532,35.02224366666667,138.86381066666667
1753.089732170105,35.0222435,138.86381033333333
1753.689483165741,35.0222435,138.86381033333333
1754.2911953926086,35.022243833333334,138.86381033333333
1754.8912947177887,35.02224366666667,138.86381033333333
1755.4907519817352,35.022243833333334,138.86381033333333
1756.0911071300507,35.02224366666667,138.86381033333333
1756.6919724941254,35.02224366666667,138.86381033333333
1757.2918407917023,35.022243833333334,138.8638105
1757.8916203975677,35.022243833333334,138.8638105
1758.4928107261658,35.0222435,138.86381033333333
1759.0923306941986,35.02224366666667,138.86381033333333
1759.693445444107,35.02224366666667,138.86381033333333
1760.2961735725403,35.02224366666667,138.86381033333333
1760.8937871456146,35.02224366666667,138.86381033333333
1761.4939379692078,35.02224366666667,138.86381016666667
1762.0937786102295,35.02224366666667,138.86381
1762.6944720745087,35.022244,138.86381
1763.2943830490112,35.022244,138.86381
1763.8955154418945,35.022243833333334,138.86381
1764.495668888092,35.022243833333334,138.86380983333333
1765.096244096756,35.022244,138.86380966666667
1765.6990196704865,35.022244,138.86380966666667
1766.2964696884155,35.02224433333333,138.86380983333333
1766.9000747203827,35.02224433333333,138.86380966666667
1767.4969758987427,35.02224433333333,138.8638095
1768.0980415344238,35.02224433333333,138.86380916666667
1768.6980319023132,35.0222445,138.863809
1769.299563407898,35.0222445,138.86380916666667
1769.8992981910706,35.0222445,138.863809
1770.4993181228638,35.022244666666666,138.86380883333334
1771.100260734558,35.02224483333333,138.86380866666667
1771.7000081539154,35.022244666666666,138.8638085
1772.3030714988708,35.02224483333333,138.86380866666667
1772.9006099700928,35.022244666666666,138.8638085
1773.500482082367,35.02224483333333,138.8638085
1774.1007208824158,35.022245,138.86380816666667
1774.7012240886688,35.022245,138.863808
1775.3011631965637,35.022245166666664,138.86380816666667
1775.9028861522675,35.022245,138.863808
1776.5029833316803,35.022245166666664,138.86380783333334
1777.1024677753448,35.02224533333333,138.86380783333334
1777.703215122223,35.02224533333333,138.86380766666667
1778.3036255836487,35.02224533333333,138.86380733333334
1778.9037742614746,35.0222455,138.86380716666667
1779.5035774707794,35.02224566666667,138.86380716666667
1780.1053357124329,35.0222455,138.863807
1780.7061777114868,35.02224566666667,138.86380683333334
1781.3057627677917,35.02224566666667,138.86380683333334
1781.905196905136,35.02224566666667,138.8638065
1782.5051958560944,35.022245833333336,138.86380633333334
1783.1057686805725,35.022245833333336,138.863806
1783.705836057663,35.022246,138.86380583333334
1784.3065104484558,35.022246,138.86380566666668
1784.906779050827,35.022246,138.86380583333334
1785.506865978241,35.02224616666667,138.86380566666668
1786.1072509288788,35.022246333333335,138.86380566666668
1786.7095284461975,35.0222465,138.8638055
1787.308064699173,35.02224666666667,138.86380516666668
1787.907968044281,35.02224666666667,138.86380516666668
1788.5092487335205,35.0222465,138.863805
1789.108421087265,35.02224666666667,138.86380483333335
1789.7091341018677,35.022247,138.86380466666665
1790.3094675540924,35.022247166666666,138.8638045
1790.9096112251282,35.02224733333333,138.86380433333332
1791.5096957683563,35.0222475,138.86380383333332
1792.1100714206696,35.022247666666665,138.86380366666666
1792.7103254795074,35.022247666666665,138.86380333333332
1793.3105742931366,35.022247666666665,138.86380333333332
1793.911396741867,35.022247666666665,138.86380316666666
1794.5113019943237,35.022248,138.863803
1795.1115310192108,35.022248166666664,138.86380266666666
1795.711944103241,35.022248166666664,138.8638025
1796.3118159770966,35.02224833333333,138.86380233333333
1796.9127748012543,35.02224833333333,138.86380216666666
1797.5125260353088,35.02224866666667,138.863802
1798.1129620075226,35.022248833333336,138.86380166666666
1798.7135598659515,35.022249,138.8638015
1799.3136291503906,35.02224916666667,138.8638015
1799.9140226840973,35.022249333333335,138.86380133333333
1800.5142846107483,35.022249333333335,138.86380116666666
1801.1145479679108,35.0222495,138.86380116666666
1801.7151565551758,35.0222495,138.863801
1802.3151361942291,35.02224966666667,138.86380083333333
1802.9151782989502,35.02224983333333,138.86380066666666
1803.5154602527618,35.02225,138.86380066666666
1804.1162009239197,35.022250166666666,138.86380033333333
1804.716338634491,35.022250166666666,138.86380033333333
1805.3174121379852,35.022250166666666,138.86380016666666
1805.9181151390076,35.022250166666666,138.86380016666666
1806.5267810821533,35.02225033333333,138.86380016666666
1807.1227984428406,35.0222505,138.86379983333333
1807.7206110954285,35.02225083333333,138.86379983333333
1808.3204045295715,35.02225083333333,138.86379966666667
1808.9205212593079,35.022250666666665,138.8637995
1809.5208926200867,35.02225083333333,138.8637995
1810.1212186813354,35.02225083333333,138.86379933333333
1810.7210800647736,35.022251,138.86379933333333
1811.321709394455,35.02225116666666,138.86379916666667
1811.9221489429474,35.02225116666666,138.863799
1812.5220110416412,35.02225133333334,138.863799
1813.1231198310852,35.02225116666666,138.86379883333333
1813.724925994873,35.02225116666666,138.863799
1814.3235635757446,35.02225116666666,138.86379883333333
1814.9237999916077,35.02225116666666,138.86379883333333
1815.5235826969147,35.02225133333334,138.86379883333333
1816.1247715950012,35.02225166666667,138.86379883333333
1816.7240180969238,35.02225166666667,138.86379883333333
1817.3262796401978,35.022251833333335,138.86379883333333
1817.9257068634033,35.02225166666667,138.86379866666667
1818.5253558158875,35.022251833333335,138.8637985
1819.1252405643463,35.022252,138.8637985
1819.7274134159088,35.022251833333335,138.86379816666667
1820.3275265693665,35.022252,138.86379816666667
1820.9263005256653,35.022252,138.863798
1821.5267415046692,35.022252,138.86379783333334
1822.129426240921,35.022251833333335,138.86379766666667
1822.7281141281128,35.022252,138.86379766666667
1823.3281979560852,35.022252,138.8637975
1823.9301702976227,35.02225216666667,138.86379733333334
1824.5279259681702,35.0222525,138.86379716666667
1825.1291406154633,35.022252333333334,138.863797
1825.7316057682037,35.0222525,138.863797
1826.3292388916016,35.022252333333334,138.86379683333334
1826.9290266036987,35.0222525,138.86379666666667
1827.52889585495,35.0222525,138.86379666666667
1828.12966132164,35.02225266666667,138.86379666666667
1828.7315030097961,35.02225283333333,138.8637965
1829.3307209014893,35.02225266666667,138.8637965
1829.9307372570038,35.02225283333333,138.86379633333334
1830.5308640003204,35.02225283333333,138.86379633333334
1831.1306989192963,35.02225283333333,138.86379616666667
1831.7315225601196,35.02225283333333,138.863796
1832.3317816257477,35.022253,138.863796
1832.9325783252716,35.022253166666665,138.86379616666667
1833.5334205627441,35.02225333333333,138.86379616666667
1834.1331536769867,35.022253166666665,138.86379616666667
1834.7346737384796,35.022253166666665,138.863796
1835.3331334590912,35.022253166666665,138.863796
1835.9341337680817,35.02225333333333,138.863796
1836.5339484214783,35.02225333333333,138.86379583333334
1837.1355061531067,35.02225333333333,138.86379583333334
1837.7344851493835,35.02225333333333,138.86379583333334
1838.3347256183624,35.02225333333333,138.86379583333334
1838.934449672699,35.0222535,138.86379583333334
1839.5350863933563,35.0222535,138.86379583333334
1840.1353051662445,35.0222535,138.86379583333334
1840.7356615066528,35.0222535,138.86379566666668
1841.3356266021729,35.0222535,138.86379566666668
1841.9360649585724,35.0222535,138.86379583333334
1842.5373930931091,35.02225333333333,138.86379583333334
1843.139105796814,35.02225383333333,138.863796
1843.751428604126,35.02225333333333,138.86379583333334
1844.356062412262,35.02225383333333,138.86379616666667
1844.9395325183868,35.02225383333333,138.86379616666667
1845.5378589630127,35.02225383333333,138.86379633333334
1846.1380581855774,35.02225383333333,138.86379633333334
1846.7395527362823,35.02225383333333,138.8637965
1847.3392856121063,35.02225383333333,138.86379633333334
1847.9395051002502,35.022254,138.8637965
1848.5392498970032,35.02225383333333,138.8637965
1849.1410715579987,35.02225383333333,138.8637965
1849.7405400276184,35.02225383333333,138.8637965
1850.3432533740997,35.02225383333333,138.86379633333334
1850.9410784244537,35.022253666666664,138.86379633333334
1851.5407812595367,35.022253666666664,138.86379633333334
1852.1409664154053,35.022253666666664,138.86379633333334
1852.741793870926,35.022253666666664,138.86379633333334
1853.342167854309,35.02225383333333,138.86379616666667
1853.9425539970398,35.022253666666664,138.86379616666667
1854.5421857833862,35.02225383333333,138.86379616666667
1855.1436715126038,35.022254,138.8637965
1855.743748664856,35.02225383333333,138.8637965
1856.3428151607513,35.022254,138.86379666666667
1856.9444160461426,35.022254,138.86379666666667
1857.5435523986816,35.02225416666667,138.86379683333334
1858.1439275741577,35.0222545,138.86379683333334
1858.7441575527191,35.0222545,138.86379683333334
1859.3440861701965,35.0222545,138.863797
1859.9447100162506,35.022254333333336,138.86379716666667
1860.545827627182,35.0222545,138.8637975
1861.1456332206726,35.0222545,138.86379716666667
1861.7461097240448,35.022254833333335,138.86379733333334
1862.3458309173584,35.022255,138.8637975
1862.9511473178864,35.022255,138.86379766666667
1863.547801733017,35.022254833333335,138.8637975
1864.1491150856018,35.022254833333335,138.8637975
1864.7485451698303,35.022254833333335,138.86379766666667
1865.3496804237366,35.022254833333335,138.86379766666667
1865.9502205848694,35.02225466666667,138.86379766666667
1866.5493454933167,35.022254833333335,138.86379766666667
1867.1495611667633,35.022254833333335,138.86379766666667
1867.7509756088257,35.022254833333335,138.86379783333334
1868.3501329421997,35.022254833333335,138.863798
1868.9505383968353,35.022255,138.86379783333334
1869.5510280132294,35.02225516666667,138.86379783333334
1870.1514523029327,35.022255333333334,138.86379783333334
1870.7512407302856,35.0222555,138.863798
1871.352222442627,35.022255666666666,138.863798
1871.9519526958466,35.022255666666666,138.863798
1872.5520021915436,35.02225583333333,138.863798
1873.1537923812866,35.022256,138.863798
1873.7555255889893,35.022256166666665,138.86379783333334
1874.35294008255,35.02225633333333,138.8637975
1874.952870130539,35.02225633333333,138.8637975
1875.5541331768036,35.0222565,138.86379733333334
1876.168965101242,35.022256166666665,138.863797
1876.7569510936737,35.022256666666664,138.86379733333334
1877.3556876182556,35.02225683333333,138.86379716666667
1877.9558320045471,35.02225716666667,138.863797
1878.5585720539093,35.0222575,138.863797
1879.1564357280731,35.022257333333336,138.863797
1879.7572240829468,35.0222575,138.86379683333334
1880.3609828948975,35.02225766666667,138.86379716666667
1880.9580454826355,35.022257833333335,138.86379733333334
1881.557493686676,35.022257833333335,138.86379716666667
1882.1576554775238,35.022258,138.863797
1882.7584283351898,35.02225816666667,138.863797
1883.3585817813873,35.02225833333333,138.863797
1883.9640080928802,35.022259,138.8637975
1884.5592770576477,35.022259166666664,138.86379766666667
1885.1594836711884,35.022259166666664,138.8637975
1885.7599654197693,35.022259,138.8637975
1886.3605370521545,35.022259166666664,138.86379733333334
1886.960401058197,35.0222595,138.86379733333334
1887.5630786418915,35.02225966666666,138.86379716666667
1888.164175271988,35.02225966666666,138.86379716666667
1888.7615547180176,35.02225966666666,138.863797
1889.3613653182983,35.02225966666666,138.863797
1889.9632756710052,35.02225983333334,138.86379666666667
1890.5618615150452,35.02225983333334,138.86379633333334
1891.1631667613983,35.02226,138.86379633333334
1891.7640631198883,35.02226016666667,138.86379616666667
1892.363270521164,35.022260333333335,138.86379616666667
1892.965009689331,35.0222605,138.863796
1893.5642070770264,35.02226066666667,138.86379583333334
1894.1648020744324,35.02226066666667,138.86379566666668
1894.7638864517212,35.022260833333334,138.8637955
1895.3678641319275,35.022261,138.86379516666668
1895.9654347896576,35.022260833333334,138.863795
1896.5647826194763,35.022261,138.86379483333334
1897.165368795395,35.022261,138.86379466666668
1897.768703699112,35.02226133333333,138.8637945
1898.3666231632233,35.0222615,138.86379433333335
1898.9679398536682,35.022261666666665,138.86379416666668
1899.5664703845978,35.02226183333333,138.863794
1900.1667652130127,35.02226183333333,138.86379383333335
1900.767140865326,35.022262166666664,138.86379366666668
1901.3684558868408,35.02226233333333,138.8637935
1902.2706549167633,35.0222625,138.86379333333332
1902.5680255889893,35.02226266666667,138.86379316666665
1903.172236919403,35.022263,138.86379316666665
1903.7694079875946,35.02226316666667,138.863793
1904.3695223331451,35.022263333333335,138.863793
1904.9694311618805,35.0222635,138.86379283333332
1905.5700368881226,35.022263833333334,138.86379283333332
1906.1699957847595,35.022264166666666,138.86379266666665
1906.7701380252838,35.022264666666665,138.8637925
1907.370762348175,35.022264666666665,138.8637925
1907.9709024429321,35.02226483333333,138.86379233333332
1908.5728874206543,35.022265166666664,138.86379233333332
1909.174212217331,35.02226566666667,138.86379233333332
1909.7726528644562,35.022265833333336,138.86379216666666
1910.3733100891113,35.022265833333336,138.86379216666666
1910.9725654125214,35.02226616666667,138.86379216666666
1911.573032617569,35.022266333333334,138.86379216666666
1912.1784636974335,35.0222665,138.86379216666666
1912.7784028053284,35.0222665,138.86379216666666
1913.3754601478577,35.02226683333333,138.863792
1913.9757091999054,35.02226683333333,138.863792
1914.5756590366364,35.022267,138.863792
1915.17600440979,35.02226733333333,138.86379183333332
1915.7765109539032,35.02226733333333,138.86379183333332
1916.376536846161,35.022267666666664,138.863792
1916.977195739746,35.0222675,138.863792
1917.5775754451752,35.0222675,138.863792
1918.1811916828156,35.022267666666664,138.86379183333332
1918.7808394432068,35.02226783333333,138.86379183333332
1919.3781394958496,35.02226783333333,138.86379166666666
1919.9811947345734,35.02226816666667,138.86379166666666
1920.579050064087,35.0222685,138.8637915
1921.1788585186005,35.022268833333335,138.8637915
1921.7792806625366,35.0222695,138.86379133333332
1922.3794825077057,35.022270166666665,138.86379133333332
1922.9814422130585,35.02227116666667,138.863791
1923.5805821418762,35.0222715,138.86379083333333
1924.1816844940186,35.022271833333335,138.863791
1924.781481742859,35.0222725,138.863791
1925.3814296722412,35.02227333333333,138.86379083333333
1925.981815814972,35.02227416666667,138.86379066666666
1926.5833632946014,35.022274833333334,138.8637905
1927.181364774704,35.022275,138.8637905
1927.7829151153564,35.02227583333333,138.86379033333333
1928.3829700946808,35.02227633333333,138.86379016666666
1928.9843759536743,35.022276166666664,138.86379033333333
1929.583175420761,35.02227633333333,138.8637905
1930.1832327842712,35.022276166666664,138.86379066666666
1930.7843225002289,35.022276833333336,138.86379033333333
1931.3842844963074,35.022277333333335,138.86379016666666
1931.9844834804535,35.022277833333334,138.86379
1932.5871887207031,35.02227833333333,138.86378966666666
1933.1849784851074,35.022278,138.8637905
1933.7846539020538,35.022278166666666,138.8637905
1934.3877403736115,35.02228133333333,138.86378566666667
1934.9889430999756,35.022281666666665,138.86378366666668
1935.5856754779816,35.022281666666665,138.86378366666668
1936.1870408058167,35.02228183333333,138.86378366666668
1936.7860071659088,35.022282,138.86378366666668
1937.387186050415,35.02228216666666,138.86378383333334
1937.9929666519165,35.02228316666667,138.86378616666667
1938.5900506973267,35.0222835,138.86378666666667
1939.1915473937988,35.022284,138.86378716666667
1939.791028022766,35.022284666666664,138.86378783333333
1940.3937118053436,35.0222845,138.863788
1940.9932568073273,35.022284666666664,138.86378866666666
1941.6271452903748,35.022285333333336,138.86378366666668
1942.194849729538,35.0222855,138.86378116666666
1942.7949266433716,35.0222855,138.863779
1943.396947145462,35.02228566666667,138.86377783333333
1943.9973702430725,35.02228566666667,138.86377716666667
1944.600023508072,35.022286,138.86377733333333
1945.209391117096,35.022286333333334,138.86377866666666
1945.8013088703156,35.022286666666666,138.86377766666666
1946.4013986587524,35.02228683333333,138.86377733333333
1947.0042946338654,35.022287166666665,138.86377833333333
1947.601573228836,35.0222875,138.86377833333333
1948.207624912262,35.022287666666664,138.86377766666666
1948.8051300048828,35.02228783333333,138.86377783333333
1949.4249212741852,35.02228816666667,138.86377716666667
1950.0101351737976,35.022288333333336,138.8637775
1950.6080553531647,35.022288333333336,138.86377583333334
1951.20818734169,35.0222885,138.86377583333334
1951.8064103126526,35.02228866666667,138.86377566666667
1952.4100694656372,35.02228866666667,138.863775
1953.0068583488464,35.02228866666667,138.863775
1953.6072721481323,35.022288833333334,138.863775
1954.2076420783997,35.02228916666667,138.86377516666667
1954.807826757431,35.02228933333333,138.86377533333334
1955.4082326889038,35.0222895,138.8637755
1956.0083887577057,35.02228983333333,138.8637755
1956.6085505485535,35.022290166666664,138.86377583333334
1957.2095031738281,35.02229033333333,138.863776
1957.8094217777252,35.0222905,138.86377616666667
1958.4096264839172,35.022291,138.8637765
1959.010414838791,35.02229116666667,138.86377666666667
1959.6103262901306,35.0222915,138.863777
1960.210973739624,35.022292166666666,138.86377783333333
1960.8113996982574,35.02229283333333,138.86377866666666
1961.4112939834595,35.02229333333333,138.86377933333333
1962.0120804309845,35.022293833333336,138.86378
1962.6122133731842,35.0222945,138.863781
1963.2125990390778,35.02229533333333,138.8637825
1963.8158195018768,35.0222965,138.8637855
1964.4134197235107,35.02229633333334,138.86378583333334
1965.0180642604828,35.02229666666667,138.863786
1965.6127433776855,35.022296833333336,138.86378616666667
1966.213247537613,35.022297,138.8637865
1966.81361246109,35.02229716666667,138.8637865
1967.4136934280396,35.0222975,138.86378683333334
1968.0421686172485,35.022298,138.86378533333334
1968.61581492424,35.022298166666666,138.8637855
1969.2158200740814,35.0222985,138.8637855
1969.8253014087677,35.022298666666664,138.86378633333334
1970.4200232028961,35.022298666666664,138.86378633333334
1971.0181901454926,35.02229883333333,138.8637865
1971.6186711788177,35.022299,138.86378666666667
1972.2191100120544,35.02229916666667,138.86378683333334
1972.8203065395355,35.022299333333336,138.86378683333334
1973.422881603241,35.02229966666667,138.863786
1974.0418438911438,35.02229966666667,138.8637875
1974.6222174167633,35.022299833333335,138.86378766666667
1975.2220001220703,35.022299833333335,138.86378783333333
1975.8236887454987,35.0223,138.86378783333333
1976.4229526519775,35.02230016666667,138.863788
1977.0462810993195,35.022300333333334,138.8637875
1977.6234107017517,35.022300333333334,138.86378766666667
1978.2235822677612,35.0223005,138.86378766666667
1978.827208995819,35.022300333333334,138.863788
1979.4243404865265,35.022300333333334,138.863788
1980.024852514267,35.0223005,138.863788
1980.6245081424713,35.0223005,138.86378816666667
1981.2256252765656,35.022300666666666,138.863788
1981.8252365589142,35.0223005,138.86378816666667
1982.4260396957397,35.0223005,138.86378833333333
1983.0269842147827,35.0223005,138.86378833333333
1983.627275943756,35.0223005,138.86378866666666
1984.2310819625854,35.0223005,138.86378916666666
1984.828686952591,35.022300333333334,138.86378933333333
1985.4294712543488,35.022300333333334,138.86379
1986.040446281433,35.0223,138.86379116666666
1986.634714126587,35.022299833333335,138.86379166666666
1987.2312071323395,35.022299833333335,138.86379216666666
1987.8316342830658,35.022299833333335,138.86379266666665
1988.4311995506287,35.022299833333335,138.86379283333332
1989.0359981060028,35.0222995,138.86379433333335
1989.6319696903229,35.0222995,138.86379433333335
1990.2359249591827,35.02229916666667,138.86379566666668
1990.8336644172668,35.02229916666667,138.863796
1991.4489486217499,35.022298666666664,138.863798
1992.0365798473358,35.022298666666664,138.86379783333334
1992.6359357833862,35.022298666666664,138.863798
1993.2367684841156,35.0222985,138.86379833333334
1993.8397598266602,35.02229833333333,138.86379866666667
1994.4373733997345,35.022298166666666,138.863799
1995.0383577346802,35.022298,138.86379916666667
1995.6389043331146,35.02229766666667,138.86380033333333
1996.2383859157562,35.0222975,138.86380083333333
1996.8390893936157,35.02229716666667,138.86380166666666
1997.4632914066315,35.022295666666665,138.8638065
1998.0666935443878,35.022297333333334,138.8638005
1998.6409220695496,35.0222975,138.86379983333333
1999.2521333694458,35.02229666666667,138.863802
1999.849372625351,35.02229616666666,138.86380416666665
2000.462453842163,35.022295666666665,138.86380616666668
2001.059954404831,35.022295,138.86380883333334
2001.6606712341309,35.02229466666667,138.8638095
2002.2546055316925,35.022294333333335,138.863811
2002.852091550827,35.02229333333333,138.8638
2003.4488425254822,35.022292,138.86379583333334
2004.0489723682404,35.02229166666667,138.86379516666668
2004.6510937213898,35.02229233333333,138.86379733333334
2005.250741481781,35.02229366666667,138.86380333333332
2005.8518362045288,35.02229366666667,138.863806
